competition_id,country_id,competition_name,status
ENG-0001,ENG,Premier League,VERIFIED_OFFICIAL
ENG-0002,ENG,Championship,VERIFIED_OFFICIAL
ENG-0003,ENG,League One,VERIFIED_OFFICIAL
ENG-0004,ENG,League Two,VERIFIED_OFFICIAL
ESP-0001,ESP,LaLiga,VERIFIED_OFFICIAL
ESP-0002,ESP,LaLiga 2,VERIFIED_OFFICIAL
ITA-0001,ITA,Serie A,VERIFIED_OFFICIAL
ITA-0002,ITA,Serie B,VERIFIED_OFFICIAL
DEU-0001,DEU,Bundesliga,VERIFIED_OFFICIAL
DEU-0002,DEU,2. Bundesliga,VERIFIED_OFFICIAL
DEU-0003,DEU,3. Liga,REVIEW
FRA-0001,FRA,Ligue 1,VERIFIED_OFFICIAL
FRA-0002,FRA,Ligue 2,VERIFIED_OFFICIAL
NLD-0001,NLD,Eredivisie,VERIFIED_OFFICIAL
NLD-0002,NLD,Eerste Divisie,VERIFIED_OFFICIAL
PRT-0001,PRT,Primeira Liga,VERIFIED_OFFICIAL
SCO-0001,SCO,Scottish Premiership,VERIFIED_OFFICIAL
THA-0001,THA,Thai League 1,REVIEW
THA-0002,THA,Thai League 2,REVIEW
INT-0001,INT,UEFA Champions League,REVIEW
INT-0002,INT,UEFA Europa League,REVIEW
INT-0003,INT,UEFA Nations League,REVIEW
ENG-0005,ENG,National League,REVIEW
ENG-0006,ENG,National League North,REVIEW
ENG-0007,ENG,National League South,REVIEW
ALB-0001,ALB,Kategoria Superiore,VERIFIED_OFFICIAL
AND-0001,AND,Primera Divisio,EXCLUDED_USER
ARM-0001,ARM,Armenian Premier League,VERIFIED_OFFICIAL
AUT-0001,AUT,Austrian Bundesliga,VERIFIED_OFFICIAL
AUT-0002,AUT,Austrian 2 Liga,VERIFIED_OFFICIAL
AZE-0001,AZE,Azerbaijan Premier League,EXCLUDED_USER
AZE-0002,AZE,Azerbaijan First League,EXCLUDED_USER
BEL-0001,BEL,Belgian Pro League,VERIFIED_OFFICIAL
BEL-0002,BEL,Challenger Pro League,VERIFIED_OFFICIAL
BGR-0001,BGR,Bulgarian First League,VERIFIED_OFFICIAL
BGR-0002,BGR,Bulgarian Second League,VERIFIED_OFFICIAL
BIH-0001,BIH,Premier League of Bosnia and Herzegovina,VERIFIED_OFFICIAL
BLR-0001,BLR,Belarusian Premier League,EXCLUDED_USER
CHE-0001,CHE,Swiss Super League,VERIFIED_OFFICIAL
CHE-0002,CHE,Swiss Challenge League,VERIFIED_OFFICIAL
CYP-0001,CYP,Cypriot First Division,VERIFIED_OFFICIAL
CYP-0002,CYP,Cypriot Second Division,VERIFIED_OFFICIAL
CZE-0001,CZE,Czech First League,VERIFIED_OFFICIAL
CZE-0002,CZE,Czech National Football League,VERIFIED_OFFICIAL
DNK-0001,DNK,Danish Superliga,VERIFIED_OFFICIAL
DNK-0002,DNK,Danish 1st Division,VERIFIED_OFFICIAL
EST-0001,EST,Meistriliiga,VERIFIED_OFFICIAL
FIN-0001,FIN,Veikkausliiga,VERIFIED_OFFICIAL
FIN-0002,FIN,Ykkosliiga,VERIFIED_OFFICIAL
FRO-0001,FRO,Faroe Islands Premier League,VERIFIED_OFFICIAL
GEO-0001,GEO,Erovnuli Liga,VERIFIED_OFFICIAL
GIB-0001,GIB,Gibraltar Football League,VERIFIED_OFFICIAL
GRC-0001,GRC,Super League Greece,VERIFIED_OFFICIAL
GRC-0002,GRC,Super League Greece 2,VERIFIED_OFFICIAL
HRV-0001,HRV,HNL,VERIFIED_OFFICIAL
HRV-0002,HRV,Prva NL,VERIFIED_OFFICIAL
HUN-0001,HUN,Nemzeti Bajnoksag I,VERIFIED_OFFICIAL
HUN-0002,HUN,Nemzeti Bajnoksag II,VERIFIED_OFFICIAL
IRL-0001,IRL,League of Ireland Premier Division,VERIFIED_OFFICIAL
IRL-0002,IRL,League of Ireland First Division,VERIFIED_OFFICIAL
ISL-0001,ISL,Besta deild karla,VERIFIED_OFFICIAL
ISR-0001,ISR,Israeli Premier League,VERIFIED_OFFICIAL
ISR-0002,ISR,Liga Leumit,VERIFIED_OFFICIAL
KAZ-0001,KAZ,Kazakhstan Premier League,VERIFIED_OFFICIAL
KOS-0001,KOS,Football Superleague of Kosovo,VERIFIED_OFFICIAL
LTU-0001,LTU,A Lyga,VERIFIED_OFFICIAL
LUX-0001,LUX,Luxembourg National Division,VERIFIED_OFFICIAL
LVA-0001,LVA,Latvian Higher League,VERIFIED_OFFICIAL
MDA-0001,MDA,Moldovan Super Liga,VERIFIED_OFFICIAL
MKD-0001,MKD,Macedonian First Football League,VERIFIED_OFFICIAL
MLT-0001,MLT,Maltese Premier League,VERIFIED_OFFICIAL
MNE-0001,MNE,Montenegrin First League,VERIFIED_OFFICIAL
NIR-0001,NIR,NIFL Premiership,VERIFIED_OFFICIAL
NOR-0001,NOR,Eliteserien,VERIFIED_OFFICIAL
NOR-0002,NOR,Norwegian First Division,VERIFIED_OFFICIAL
POL-0001,POL,Ekstraklasa,VERIFIED_OFFICIAL
POL-0002,POL,I liga,EXCLUDED_USER
PRT-0002,PRT,Liga Portugal 2,VERIFIED_OFFICIAL
ROU-0001,ROU,Liga I,VERIFIED_OFFICIAL
ROU-0002,ROU,Liga II,VERIFIED_OFFICIAL
RUS-0001,RUS,Russian Premier League,EXCLUDED_USER
SCO-0002,SCO,Scottish Championship,VERIFIED_OFFICIAL
SMR-0001,SMR,Campionato Sammarinese di Calcio,VERIFIED_OFFICIAL
SRB-0001,SRB,Serbian SuperLiga,VERIFIED_OFFICIAL
SRB-0002,SRB,Serbian First League,VERIFIED_OFFICIAL
SVK-0001,SVK,Slovak Super Liga,VERIFIED_OFFICIAL
SVK-0002,SVK,2 Liga,VERIFIED_OFFICIAL
SVN-0001,SVN,Slovenian PrvaLiga,VERIFIED_OFFICIAL
SVN-0002,SVN,Slovenian Second League,VERIFIED_OFFICIAL
SWE-0001,SWE,Allsvenskan,VERIFIED_OFFICIAL
SWE-0002,SWE,Superettan,VERIFIED_OFFICIAL
TUR-0001,TUR,Super Lig,VERIFIED_OFFICIAL
TUR-0002,TUR,TFF 1 Lig,VERIFIED_OFFICIAL
UKR-0001,UKR,Ukrainian Premier League,VERIFIED_OFFICIAL
UKR-0002,UKR,Ukrainian First League,VERIFIED_OFFICIAL
WAL-0001,WAL,Cymru Premier,VERIFIED_OFFICIAL
ENG-0008,ENG,FA Cup,REGISTERED_OFFICIAL
ENG-0009,ENG,EFL Cup,REGISTERED_OFFICIAL
ITA-0003,ITA,Coppa Italia,REGISTERED_OFFICIAL
ESP-0003,ESP,Copa del Rey,REGISTERED_OFFICIAL
DEU-0004,DEU,DFB-Pokal,REGISTERED_OFFICIAL
FRA-0003,FRA,Coupe de France,REGISTERED_OFFICIAL
NLD-0003,NLD,KNVB Beker,REGISTERED_OFFICIAL
PRT-0003,PRT,Taça de Portugal,REGISTERED_OFFICIAL
INT-0004,INT,UEFA Conference League,REGISTERED_OFFICIAL
