country_id,country_name,status
ENG,England,IN_SCOPE
ESP,Spain,IN_SCOPE
ITA,Italy,IN_SCOPE
DEU,Germany,IN_SCOPE
FRA,France,IN_SCOPE
NLD,Netherlands,IN_SCOPE
SCO,Scotland,IN_SCOPE
PRT,Portugal,IN_SCOPE
NOR,Norway,IN_SCOPE
ROU,Romania,IN_SCOPE
POL,Poland,IN_SCOPE
ISR,Israel,IN_SCOPE
EGY,Egypt,REVIEW
SWE,Sweden,IN_SCOPE
BEL,Belgium,IN_SCOPE
DNK,Denmark,IN_SCOPE
TUR,Turkey,IN_SCOPE
CHE,Switzerland,IN_SCOPE
AUT,Austria,IN_SCOPE
BRA,Brazil,REVIEW
JPN,Japan,REVIEW
KOR,South Korea,REVIEW
THA,Thailand,REVIEW
INT,International,REVIEW
CZE,Czechia,IN_SCOPE
GRC,Greece,IN_SCOPE
HRV,Croatia,IN_SCOPE
SRB,Serbia,IN_SCOPE
UKR,Ukraine,IN_SCOPE
CYP,Cyprus,IN_SCOPE
HUN,Hungary,IN_SCOPE
SVK,Slovakia,IN_SCOPE
SVN,Slovenia,IN_SCOPE
BGR,Bulgaria,IN_SCOPE
AZE,Azerbaijan,IN_SCOPE
IRL,Ireland,IN_SCOPE
FIN,Finland,IN_SCOPE
ISL,Iceland,IN_SCOPE
BIH,Bosnia and Herzegovina,IN_SCOPE
KAZ,Kazakhstan,IN_SCOPE
MDA,Moldova,IN_SCOPE
KOS,Kosovo,IN_SCOPE
ARM,Armenia,IN_SCOPE
GEO,Georgia,IN_SCOPE
LVA,Latvia,IN_SCOPE
LTU,Lithuania,IN_SCOPE
EST,Estonia,IN_SCOPE
ALB,Albania,IN_SCOPE
MNE,Montenegro,IN_SCOPE
MKD,North Macedonia,IN_SCOPE
BLR,Belarus,IN_SCOPE
MLT,Malta,IN_SCOPE
NIR,Northern Ireland,IN_SCOPE
WAL,Wales,IN_SCOPE
LUX,Luxembourg,IN_SCOPE
FRO,Faroe Islands,IN_SCOPE
GIB,Gibraltar,IN_SCOPE
AND,Andorra,IN_SCOPE
SMR,San Marino,IN_SCOPE
RUS,Russia,IN_SCOPE
LIE,Liechtenstein,CROSS_BORDER_ONLY
