country_id,country_name,domestic_scope,priority,status
ENG,England,tiers 1-6,HIGH,IN_SCOPE
ESP,Spain,tiers 1-2,HIGH,IN_SCOPE
ITA,Italy,tiers 1-2,HIGH,IN_SCOPE
DEU,Germany,tiers 1-3,HIGH,IN_SCOPE
FRA,France,tiers 1-3,HIGH,IN_SCOPE
NLD,Netherlands,tiers 1-2,HIGH,IN_SCOPE
PRT,Portugal,tiers 1-2,HIGH,IN_SCOPE
BEL,Belgium,tiers 1-2,HIGH,IN_SCOPE
SCO,Scotland,tiers 1-2,HIGH,IN_SCOPE
TUR,Turkey,tiers 1-2,HIGH,IN_SCOPE
AUT,Austria,tiers 1-2,HIGH,IN_SCOPE
CHE,Switzerland,tiers 1-2,HIGH,IN_SCOPE
DNK,Denmark,tiers 1-2,HIGH,IN_SCOPE
SWE,Sweden,tiers 1-2,HIGH,IN_SCOPE
NOR,Norway,tiers 1-2,HIGH,IN_SCOPE
POL,Poland,tiers 1-2,HIGH,IN_SCOPE
CZE,Czechia,tiers 1-2,HIGH,IN_SCOPE
GRC,Greece,tiers 1-2,HIGH,IN_SCOPE
FIN,Finland,tiers 1-2,HIGH,IN_SCOPE
RUS,Russia,tiers 1-2,HIGH,IN_SCOPE
UKR,Ukraine,tiers 1-2,HIGH,IN_SCOPE
