competition_id,country_id,competition_name,competition_type,season,identity_status,season_status,participant_status,source_url,checked_at,blocked_reason
ENG-0008,ENG,FA Cup,DOMESTIC_CUP,2026-27,REGISTERED_OFFICIAL,VERIFIED_OFFICIAL,NOT_IMPORTED,https://www.thefa.com/competitions/thefacup/round-dates,2026-10-09,
ENG-0009,ENG,EFL Cup,DOMESTIC_CUP,2026-27,REGISTERED_OFFICIAL,VERIFIED_OFFICIAL,NOT_IMPORTED,https://www.efl.com/news/2026/august/06/carabao-cup-2026-27---key-information-/,2026-10-09,
ITA-0003,ITA,Coppa Italia,DOMESTIC_CUP,2026-27,REGISTERED_OFFICIAL,VERIFIED_OFFICIAL,NOT_IMPORTED,https://www.legaseriea.it/serie-a/news/le-date-della-stagione-2026-2027,2026-10-09,
ESP-0003,ESP,Copa del Rey,DOMESTIC_CUP,2026-27,REGISTERED_OFFICIAL,VERIFIED_OFFICIAL,NOT_IMPORTED,https://rfef.es/es/noticias/el-futbol-espanol-conoce-los-calendarios-para-la-temporada-202627,2026-10-09,
DEU-0004,DEU,DFB-Pokal,DOMESTIC_CUP,2026-27,REGISTERED_OFFICIAL,VERIFIED_OFFICIAL,NOT_IMPORTED,https://datencenter.dfb.de/competitions/33/seasons/current,2026-10-09,
FRA-0003,FRA,Coupe de France,DOMESTIC_CUP,2026-27,REGISTERED_OFFICIAL,VERIFIED_OFFICIAL,NOT_IMPORTED,https://www.fff.fr/11-les-reglements/390-les-reglements-des-competitions-nationales.html,2026-10-09,
NLD-0003,NLD,KNVB Beker,DOMESTIC_CUP,2026-27,REGISTERED_OFFICIAL,VERIFIED_OFFICIAL,NOT_IMPORTED,https://www.knvb.nl/node/71361,2026-10-09,
PRT-0003,PRT,Taça de Portugal,DOMESTIC_CUP,2026-27,REGISTERED_OFFICIAL,VERIFIED_OFFICIAL,NOT_IMPORTED,https://afatv.pt/news-details/0c60aabb-210a-46df-9aa9-f57fec63d903,2026-10-09,
INT-0001,INT,UEFA Champions League,UEFA_CLUB_COMPETITION,2026-27,REGISTERED_OFFICIAL,VERIFIED_OFFICIAL,NOT_IMPORTED,https://www.uefa.com/news-media/news/02a4-2060ea59fbc5-4be94b1fbe5a-1000--access-list-track-which-sides-will-play-in-the-2026-27-uef/,2026-10-09,
INT-0002,INT,UEFA Europa League,UEFA_CLUB_COMPETITION,2026-27,REGISTERED_OFFICIAL,VERIFIED_OFFICIAL,NOT_IMPORTED,https://www.uefa.com/news-media/news/02a4-2060ea59fbc5-4be94b1fbe5a-1000--access-list-track-which-sides-will-play-in-the-2026-27-uef/,2026-10-09,
INT-0004,INT,UEFA Conference League,UEFA_CLUB_COMPETITION,2026-27,REGISTERED_OFFICIAL,VERIFIED_OFFICIAL,NOT_IMPORTED,https://www.uefa.com/uefaconferenceleague/news/02a6-20d57d15f093-a90cf54c928f-1000--2026-27-conference-league-teams-dates-draws-format-final/,2026-10-09,
