old_team_id,proposed_team_id,canonical_name,review_status
FRA-OM,FRA-OLY,Olympique Marseille,PENDING_REVIEW
ENG-0001,ENG-BOU,AFC Bournemouth,PENDING_REVIEW
ENG-0002,ENG-WIM,AFC Wimbledon,PENDING_REVIEW
ENG-0003,ENG-ACC,Accrington Stanley,PENDING_REVIEW
ENG-0004,ENG-ALD,Aldershot Town,PENDING_REVIEW
ENG-0005,ENG-ALT,Altrincham,PENDING_REVIEW
ENG-0006,ENG-AST,Aston Villa,PENDING_REVIEW
ENG-0007,ENG-BAR,Barnet,PENDING_REVIEW
ENG-0008,ENG-BAA,Barnsley,PENDING_REVIEW
ENG-0009,ENG-BAB,Barrow,PENDING_REVIEW
ENG-0010,ENG-BIR,Birmingham City,PENDING_REVIEW
ENG-0011,ENG-BLA,Blackburn Rovers,PENDING_REVIEW
ENG-0012,ENG-BAC,Blackpool,PENDING_REVIEW
ENG-0013,ENG-BOL,Bolton Wanderers,PENDING_REVIEW
ENG-0014,ENG-BOR,Boreham Wood,PENDING_REVIEW
ENG-0015,ENG-BOS,Boston United,PENDING_REVIEW
ENG-0016,ENG-BRA,Bradford City,PENDING_REVIEW
ENG-0017,ENG-BRE,Brentford FC,PENDING_REVIEW
ENG-0018,ENG-BRI,Brighton & Hove Albion,PENDING_REVIEW
ENG-0019,ENG-BAD,Bristol City,PENDING_REVIEW
ENG-0020,ENG-BRR,Bristol Rovers,PENDING_REVIEW
ENG-0021,ENG-BRO,Bromley,PENDING_REVIEW
ENG-0022,ENG-BUR,Burnley,PENDING_REVIEW
ENG-0023,ENG-BUA,Burton Albion,PENDING_REVIEW
ENG-0024,ENG-CAM,Cambridge United,PENDING_REVIEW
ENG-0025,ENG-CAR,Cardiff City,PENDING_REVIEW
ENG-0026,ENG-CAA,Carlisle United,PENDING_REVIEW
ENG-0027,ENG-CHA,Charlton Athletic,PENDING_REVIEW
ENG-0028,ENG-CHE,Cheltenham Town,PENDING_REVIEW
ENG-0029,ENG-CAB,Chesterfield,PENDING_REVIEW
ENG-0030,ENG-COL,Colchester United,PENDING_REVIEW
ENG-0031,ENG-COV,Coventry City,PENDING_REVIEW
ENG-0032,ENG-CRA,Crawley Town,PENDING_REVIEW
ENG-0033,ENG-CRE,Crewe Alexandra,PENDING_REVIEW
ENG-0034,ENG-CRY,Crystal Palace,PENDING_REVIEW
ENG-0035,ENG-DER,Derby County,PENDING_REVIEW
ENG-0036,ENG-DON,Doncaster Rovers,PENDING_REVIEW
ENG-0037,ENG-EAS,Eastleigh,PENDING_REVIEW
ENG-0038,ENG-EXE,Exeter City,PENDING_REVIEW
ENG-0039,ENG-FLE,Fleetwood Town,PENDING_REVIEW
ENG-0040,ENG-FOR,Forest Green Rovers,PENDING_REVIEW
ENG-0041,ENG-FUL,Fulham FC,PENDING_REVIEW
ENG-0042,ENG-GAT,Gateshead,PENDING_REVIEW
ENG-0043,ENG-GIL,Gillingham,PENDING_REVIEW
ENG-0044,ENG-GRI,Grimsby Town,PENDING_REVIEW
ENG-0045,ENG-HAL,Halifax Town,PENDING_REVIEW
ENG-0046,ENG-HAR,Harrogate Town,PENDING_REVIEW
ENG-0047,ENG-HAA,Hartlepool United,PENDING_REVIEW
ENG-0048,ENG-HUD,Huddersfield Town,PENDING_REVIEW
ENG-0049,ENG-HUL,Hull City,PENDING_REVIEW
ENG-0050,ENG-IPS,Ipswich Town,PENDING_REVIEW
ENG-0051,ENG-LEE,Leeds United,PENDING_REVIEW
ENG-0052,ENG-LEI,Leicester City,PENDING_REVIEW
ENG-0053,ENG-LEY,Leyton Orient,PENDING_REVIEW
ENG-0054,ENG-LIN,Lincoln City,PENDING_REVIEW
ENG-0055,ENG-LUT,Luton Town,PENDING_REVIEW
ENG-0056,ENG-MAC,Macclesfield,PENDING_REVIEW
ENG-0057,ENG-MAI,Maidstone United,PENDING_REVIEW
ENG-0058,ENG-MAN,Mansfield Town,PENDING_REVIEW
ENG-0059,ENG-MID,Middlesbrough,PENDING_REVIEW
ENG-0060,ENG-MIL,Millwall,PENDING_REVIEW
ENG-0061,ENG-MKD,Milton Keynes Dons,PENDING_REVIEW
ENG-0062,ENG-MOR,Morecambe,PENDING_REVIEW
ENG-0063,ENG-NEC,Newport County,PENDING_REVIEW
ENG-0064,ENG-NOR,Northampton Town,PENDING_REVIEW
ENG-0065,ENG-NAA,Norwich City,PENDING_REVIEW
ENG-0066,ENG-NOT,Nottingham Forest,PENDING_REVIEW
ENG-0067,ENG-NOC,Notts County,PENDING_REVIEW
ENG-0068,ENG-OLD,Oldham Athletic,PENDING_REVIEW
ENG-0069,ENG-OXF,Oxford United,PENDING_REVIEW
ENG-0070,ENG-PET,Peterborough United,PENDING_REVIEW
ENG-0071,ENG-PLY,Plymouth Argyle,PENDING_REVIEW
ENG-0072,ENG-POR,Port Vale,PENDING_REVIEW
ENG-0073,ENG-PAA,Portsmouth,PENDING_REVIEW
ENG-0074,ENG-PRE,Preston North End,PENDING_REVIEW
ENG-0075,ENG-QUE,Queens Park Rangers,PENDING_REVIEW
ENG-0076,ENG-REA,Reading,PENDING_REVIEW
ENG-0077,ENG-ROC,Rochdale,PENDING_REVIEW
ENG-0078,ENG-ROT,Rotherham United,PENDING_REVIEW
ENG-0079,ENG-SAL,Salford City,PENDING_REVIEW
ENG-0080,ENG-SCU,Scunthorpe United,PENDING_REVIEW
ENG-0081,ENG-SHE,Sheffield United,PENDING_REVIEW
ENG-0082,ENG-SHW,Sheffield Wednesday,PENDING_REVIEW
ENG-0083,ENG-SHR,Shrewsbury Town,PENDING_REVIEW
ENG-0084,ENG-SOL,Solihull Moors,PENDING_REVIEW
ENG-0085,ENG-SOU,Southampton,PENDING_REVIEW
ENG-0086,ENG-SAA,Southend United,PENDING_REVIEW
ENG-0087,ENG-STE,Stevenage,PENDING_REVIEW
ENG-0088,ENG-STO,Stockport County,PENDING_REVIEW
ENG-0089,ENG-SAB,Stoke City,PENDING_REVIEW
ENG-0090,ENG-SUN,Sunderland,PENDING_REVIEW
ENG-0091,ENG-SUT,Sutton United,PENDING_REVIEW
ENG-0092,ENG-SWA,Swansea City,PENDING_REVIEW
ENG-0093,ENG-SWI,Swindon Town,PENDING_REVIEW
ENG-0094,ENG-TRA,Tranmere Rovers,PENDING_REVIEW
ENG-0095,ENG-WAL,Walsall,PENDING_REVIEW
ENG-0096,ENG-WAT,Watford,PENDING_REVIEW
ENG-0097,ENG-WES,West Bromwich Albion,PENDING_REVIEW
ENG-0098,ENG-WEH,West Ham United,PENDING_REVIEW
ENG-0099,ENG-WIG,Wigan Athletic,PENDING_REVIEW
ENG-0100,ENG-WAA,Wimbledon FC,PENDING_REVIEW
ENG-0101,ENG-WOK,Woking,PENDING_REVIEW
ENG-0102,ENG-WOL,Wolverhampton Wanderers,PENDING_REVIEW
ENG-0103,ENG-WRE,Wrexham,PENDING_REVIEW
ENG-0104,ENG-WYC,Wycombe Wanderers,PENDING_REVIEW
ENG-0105,ENG-YEO,Yeovil Town,PENDING_REVIEW
ENG-0106,ENG-YOR,York City,PENDING_REVIEW
ENG-0107,ENG-FYL,AFC Fylde,PENDING_REVIEW
ENG-0108,ENG-TEL,AFC Telford United,PENDING_REVIEW
ENG-0109,ENG-BAT,Bath City,PENDING_REVIEW
ENG-0110,ENG-BED,Bedford Town,PENDING_REVIEW
ENG-0111,ENG-BIS,Bishop's Stortford,PENDING_REVIEW
ENG-0112,ENG-BAE,Brackley Town,PENDING_REVIEW
ENG-0113,ENG-BUX,Buxton,PENDING_REVIEW
ENG-0114,ENG-CAC,Chester FC,PENDING_REVIEW
ENG-0115,ENG-CHI,Chippenham Town,PENDING_REVIEW
ENG-0116,ENG-CHO,Chorley,PENDING_REVIEW
ENG-0117,ENG-DAR,Darlington,PENDING_REVIEW
ENG-0118,ENG-DOR,Dorking Wanderers,PENDING_REVIEW
ENG-0119,ENG-DOV,Dover Athletic,PENDING_REVIEW
ENG-0120,ENG-ENF,Enfield Town,PENDING_REVIEW
ENG-0121,ENG-FAR,Farnborough,PENDING_REVIEW
ENG-0122,ENG-GLO,Gloucester City,PENDING_REVIEW
ENG-0123,ENG-HAM,Hampton & Richmond Borough,PENDING_REVIEW
ENG-0124,ENG-HEM,Hemel Hempstead Town,PENDING_REVIEW
ENG-0125,ENG-HER,Hereford FC,PENDING_REVIEW
ENG-0126,ENG-HOR,Hornchurch,PENDING_REVIEW
ENG-0127,ENG-HAB,Horsham,PENDING_REVIEW
ENG-0128,ENG-KIN,King's Lynn Town,PENDING_REVIEW
ENG-0129,ENG-KID,Kidderminster Harriers,PENDING_REVIEW
ENG-0130,ENG-MAA,Maidenhead United,PENDING_REVIEW
ENG-0131,ENG-OAA,Oxford City,PENDING_REVIEW
ENG-0132,ENG-SAC,Salisbury FC,PENDING_REVIEW
ENG-0133,ENG-SCA,Scarborough Athletic,PENDING_REVIEW
ENG-0134,ENG-SLO,Slough Town,PENDING_REVIEW
ENG-0135,ENG-SOS,South Shields,PENDING_REVIEW
ENG-0136,ENG-SAD,Southport,PENDING_REVIEW
ENG-0137,ENG-SPE,Spennymoor Town,PENDING_REVIEW
ENG-0138,ENG-STA,St Albans City,PENDING_REVIEW
ENG-0139,ENG-TON,Tonbridge Angels,PENDING_REVIEW
ENG-0140,ENG-TOR,Torquay United,PENDING_REVIEW
ENG-0141,ENG-TRU,Truro City,PENDING_REVIEW
ENG-0142,ENG-WSM,Weston-super-Mare,PENDING_REVIEW
ENG-0143,ENG-WEY,Weymouth,PENDING_REVIEW
ENG-0144,ENG-WOR,Worthing,PENDING_REVIEW
DEU-M05,DEU-MAI,Mainz 05,PENDING_REVIEW
CHE-YB,CHE-BSC,BSC Young Boys,PENDING_REVIEW
LUX-F91,LUX-FAA,F91 Dudelange,PENDING_REVIEW
FRO-B36,FRO-BAA,B36 Torshavn,PENDING_REVIEW
GIB-M62,GIB-FCB,FCB Magpies,PENDING_REVIEW
BGR-C48,BGR-CSS,CSKA 1948 Sofia,PENDING_REVIEW
