season,competition_id,team_id
2026-27,ALB-0001,ALB-AFE
2026-27,ALB-0001,ALB-DIN
2026-27,ALB-0001,ALB-EGN
2026-27,ALB-0001,ALB-LAC
2026-27,ALB-0001,ALB-PAR
2026-27,ALB-0001,ALB-SKN
2026-27,ALB-0001,ALB-TEU
2026-27,ALB-0001,ALB-TIR
2026-27,ALB-0001,ALB-VLL
2026-27,ALB-0001,ALB-VOR
2026-27,AND-0001,AND-ATL
2026-27,AND-0001,AND-CAR
2026-27,AND-0001,AND-CAS
2026-27,AND-0001,AND-ESP
2026-27,AND-0001,AND-INT
2026-27,AND-0001,AND-ORD
2026-27,AND-0001,AND-PEN
2026-27,AND-0001,AND-RAN
2026-27,AND-0001,AND-SCO
2026-27,AND-0001,AND-SPO
2026-27,ARM-0001,ARM-ALA
2026-27,ARM-0001,ARM-ARA
2026-27,ARM-0001,ARM-ARB
2026-27,ARM-0001,ARM-BKM
2026-27,ARM-0001,ARM-GAN
2026-27,ARM-0001,ARM-NOA
2026-27,ARM-0001,ARM-PYU
2026-27,ARM-0001,ARM-SAR
2026-27,ARM-0001,ARM-SHI
2026-27,ARM-0001,ARM-SYU
2026-27,ARM-0001,ARM-URA
2026-27,ARM-0001,ARM-VAN
2026-27,AUT-0001,AUT-ALT
2026-27,AUT-0001,AUT-AUS
2026-27,AUT-0001,AUT-FAK
2026-27,AUT-0001,AUT-GAK
2026-27,AUT-0001,AUT-HAR
2026-27,AUT-0001,AUT-LAS
2026-27,AUT-0001,AUT-RAP
2026-27,AUT-0001,AUT-RBS
2026-27,AUT-0001,AUT-STU
2026-27,AUT-0001,AUT-SVR
2026-27,AUT-0001,AUT-WAC
2026-27,AUT-0001,AUT-WSG
2026-27,AUT-0002,AUT-ADM
2026-27,AUT-0002,AUT-ASK
2026-27,AUT-0002,AUT-AUA
2026-27,AUT-0002,AUT-AUB
2026-27,AUT-0002,AUT-BWL
2026-27,AUT-0002,AUT-FAC
2026-27,AUT-0002,AUT-HER
2026-27,AUT-0002,AUT-KAP
2026-27,AUT-0002,AUT-LIE
2026-27,AUT-0002,AUT-RAA
2026-27,AUT-0002,AUT-SKN
2026-27,AUT-0002,AUT-SKU
2026-27,AUT-0002,AUT-STA
2026-27,AUT-0002,AUT-SWB
2026-27,AUT-0002,AUT-VIE
2026-27,AUT-0002,AUT-WAA
2026-27,AZE-0001,AZE-ARA
2026-27,AZE-0001,AZE-IMI
2026-27,AZE-0001,AZE-KAP
2026-27,AZE-0001,AZE-NEF
2026-27,AZE-0001,AZE-QAB
2026-27,AZE-0001,AZE-QAR
2026-27,AZE-0001,AZE-SAB
2026-27,AZE-0001,AZE-SHA
2026-27,AZE-0001,AZE-SHB
2026-27,AZE-0001,AZE-SUM
2026-27,AZE-0001,AZE-TUR
2026-27,AZE-0001,AZE-ZIR
2026-27,AZE-0002,AZE-BAK
2026-27,AZE-0002,AZE-CBR
2026-27,AZE-0002,AZE-ENE
2026-27,AZE-0002,AZE-KAR
2026-27,AZE-0002,AZE-MOI
2026-27,AZE-0002,AZE-SAA
2026-27,AZE-0002,AZE-SHC
2026-27,AZE-0002,AZE-SIM
2026-27,AZE-0002,AZE-XAN
2026-27,AZE-0002,AZE-ZAQ
2026-27,BEL-0001,BEL-AND
2026-27,BEL-0001,BEL-ANT
2026-27,BEL-0001,BEL-BEV
2026-27,BEL-0001,BEL-BRU
2026-27,BEL-0001,BEL-CER
2026-27,BEL-0001,BEL-CHA
2026-27,BEL-0001,BEL-GEN
2026-27,BEL-0001,BEL-GNT
2026-27,BEL-0001,BEL-KVK
2026-27,BEL-0001,BEL-LEU
2026-27,BEL-0001,BEL-LOM
2026-27,BEL-0001,BEL-MEC
2026-27,BEL-0001,BEL-RAA
2026-27,BEL-0001,BEL-STA
2026-27,BEL-0001,BEL-STT
2026-27,BEL-0001,BEL-USG
2026-27,BEL-0001,BEL-WES
2026-27,BEL-0001,BEL-ZUL
2026-27,BEL-0002,BEL-BEE
2026-27,BEL-0002,BEL-CLU
2026-27,BEL-0002,BEL-FCV
2026-27,BEL-0002,BEL-FRA
2026-27,BEL-0002,BEL-JOA
2026-27,BEL-0002,BEL-JON
2026-27,BEL-0002,BEL-KAS
2026-27,BEL-0002,BEL-KSC
2026-27,BEL-0002,BEL-LIE
2026-27,BEL-0002,BEL-PAT
2026-27,BEL-0002,BEL-RFA
2026-27,BEL-0002,BEL-RFC
2026-27,BEL-0002,BEL-RSC
2026-27,BEL-0002,BEL-SPO
2026-27,BEL-0002,BEL-VIR
2026-27,BGR-0001,BGR-ARD
2026-27,BGR-0001,BGR-BOA
2026-27,BGR-0001,BGR-BOT
2026-27,BGR-0001,BGR-CHM
2026-27,BGR-0001,BGR-CSK
2026-27,BGR-0001,BGR-CSS
2026-27,BGR-0001,BGR-DUN
2026-27,BGR-0001,BGR-LEV
2026-27,BGR-0001,BGR-LOA
2026-27,BGR-0001,BGR-LOK
2026-27,BGR-0001,BGR-LUD
2026-27,BGR-0001,BGR-SEP
2026-27,BGR-0001,BGR-SLA
2026-27,BGR-0001,BGR-SPA
2026-27,BGR-0002,BGR-BER
2026-27,BGR-0002,BGR-CHE
2026-27,BGR-0002,BGR-CSA
2026-27,BGR-0002,BGR-DOB
2026-27,BGR-0002,BGR-ETA
2026-27,BGR-0002,BGR-FRA
2026-27,BGR-0002,BGR-HEB
2026-27,BGR-0002,BGR-LOB
2026-27,BGR-0002,BGR-LUA
2026-27,BGR-0002,BGR-MAR
2026-27,BGR-0002,BGR-MON
2026-27,BGR-0002,BGR-NES
2026-27,BGR-0002,BGR-PIR
2026-27,BGR-0002,BGR-RIL
2026-27,BGR-0002,BGR-SPB
2026-27,BGR-0002,BGR-SPO
2026-27,BGR-0002,BGR-VIH
2026-27,BGR-0002,BGR-YAN
2026-27,BIH-0001,BIH-BOR
2026-27,BIH-0001,BIH-BSK
2026-27,BIH-0001,BIH-CEL
2026-27,BIH-0001,BIH-RAD
2026-27,BIH-0001,BIH-SAR
2026-27,BIH-0001,BIH-SIK
2026-27,BIH-0001,BIH-SLA
2026-27,BIH-0001,BIH-VEL
2026-27,BIH-0001,BIH-ZEL
2026-27,BIH-0001,BIH-ZRI
2026,BLR-0001,BLR-ARS
2026,BLR-0001,BLR-BAR
2026,BLR-0001,BLR-BAT
2026,BLR-0001,BLR-BEL
2026,BLR-0001,BLR-DIN
2026,BLR-0001,BLR-DNE
2026,BLR-0001,BLR-DYN
2026,BLR-0001,BLR-GOM
2026,BLR-0001,BLR-ISL
2026,BLR-0001,BLR-MAX
2026,BLR-0001,BLR-MIN
2026,BLR-0001,BLR-NAF
2026,BLR-0001,BLR-NEM
2026,BLR-0001,BLR-SLA
2026,BLR-0001,BLR-TOR
2026,BLR-0001,BLR-VIT
2026-27,CHE-0001,CHE-BAS
2026-27,CHE-0001,CHE-BSC
2026-27,CHE-0001,CHE-GRA
2026-27,CHE-0001,CHE-LAU
2026-27,CHE-0001,CHE-LUC
2026-27,CHE-0001,CHE-LUG
2026-27,CHE-0001,CHE-SER
2026-27,CHE-0001,CHE-SIO
2026-27,CHE-0001,CHE-STG
2026-27,CHE-0001,CHE-THU
2026-27,CHE-0001,CHE-ZUR
2026-27,CHE-0001,LIE-VAD
2026-27,CHE-0002,CHE-AAR
2026-27,CHE-0002,CHE-ETO
2026-27,CHE-0002,CHE-KRI
2026-27,CHE-0002,CHE-NEX
2026-27,CHE-0002,CHE-RAP
2026-27,CHE-0002,CHE-STA
2026-27,CHE-0002,CHE-STB
2026-27,CHE-0002,CHE-WIL
2026-27,CHE-0002,CHE-WIN
2026-27,CHE-0002,CHE-YVE
2026-27,CYP-0001,CYP-AEK
2026-27,CYP-0001,CYP-AEL
2026-27,CYP-0001,CYP-ANO
2026-27,CYP-0001,CYP-APA
2026-27,CYP-0001,CYP-APO
2026-27,CYP-0001,CYP-ARI
2026-27,CYP-0001,CYP-KAR
2026-27,CYP-0001,CYP-NEA
2026-27,CYP-0001,CYP-OLY
2026-27,CYP-0001,CYP-OMA
2026-27,CYP-0001,CYP-OMB
2026-27,CYP-0001,CYP-OMO
2026-27,CYP-0001,CYP-PAF
2026-27,CYP-0001,CYP-YPS
2026-27,CYP-0002,CYP-AEP
2026-27,CYP-0002,CYP-AKR
2026-27,CYP-0002,CYP-ANA
2026-27,CYP-0002,CYP-APE
2026-27,CYP-0002,CYP-ASI
2026-27,CYP-0002,CYP-AYI
2026-27,CYP-0002,CYP-CHA
2026-27,CYP-0002,CYP-DIG
2026-27,CYP-0002,CYP-DOX
2026-27,CYP-0002,CYP-ENP
2026-27,CYP-0002,CYP-ERM
2026-27,CYP-0002,CYP-ETH
2026-27,CYP-0002,CYP-IRA
2026-27,CYP-0002,CYP-MEA
2026-27,CYP-0002,CYP-PAE
2026-27,CYP-0002,CYP-SPA
2026-27,CZE-0001,CZE-ART
2026-27,CZE-0001,CZE-BAN
2026-27,CZE-0001,CZE-BOH
2026-27,CZE-0001,CZE-HRA
2026-27,CZE-0001,CZE-JAB
2026-27,CZE-0001,CZE-LIB
2026-27,CZE-0001,CZE-MLB
2026-27,CZE-0001,CZE-PAR
2026-27,CZE-0001,CZE-PLZ
2026-27,CZE-0001,CZE-SIG
2026-27,CZE-0001,CZE-SLA
2026-27,CZE-0001,CZE-SLO
2026-27,CZE-0001,CZE-SPA
2026-27,CZE-0001,CZE-TEP
2026-27,CZE-0001,CZE-ZBR
2026-27,CZE-0001,CZE-ZLI
2026-27,CZE-0002,CZE-ARS
2026-27,CZE-0002,CZE-BAA
2026-27,CZE-0002,CZE-DUK
2026-27,CZE-0002,CZE-HAN
2026-27,CZE-0002,CZE-KAR
2026-27,CZE-0002,CZE-KLA
2026-27,CZE-0002,CZE-OPA
2026-27,CZE-0002,CZE-PRI
2026-27,CZE-0002,CZE-PRO
2026-27,CZE-0002,CZE-SLB
2026-27,CZE-0002,CZE-TAB
2026-27,CZE-0002,CZE-TRI
2026-27,CZE-0002,CZE-UST
2026-27,CZE-0002,CZE-VIK
2026-27,CZE-0002,CZE-VLA
2026-27,CZE-0002,CZE-VYS
2026-27,DEU-0001,DEU-BAY
2026-27,DEU-0001,DEU-BMG
2026-27,DEU-0001,DEU-BVB
2026-27,DEU-0001,DEU-FCA
2026-27,DEU-0001,DEU-FCU
2026-27,DEU-0001,DEU-HSV
2026-27,DEU-0001,DEU-KOE
2026-27,DEU-0001,DEU-LEV
2026-27,DEU-0001,DEU-MAI
2026-27,DEU-0001,DEU-PAD
2026-27,DEU-0001,DEU-RBL
2026-27,DEU-0001,DEU-SCF
2026-27,DEU-0001,DEU-SCH
2026-27,DEU-0001,DEU-SGE
2026-27,DEU-0001,DEU-SVE
2026-27,DEU-0001,DEU-SVW
2026-27,DEU-0001,DEU-TSG
2026-27,DEU-0001,DEU-VFB
2026-27,DEU-0002,DEU-ARM
2026-27,DEU-0002,DEU-DAR
2026-27,DEU-0002,DEU-DYN
2026-27,DEU-0002,DEU-EIN
2026-27,DEU-0002,DEU-ENE
2026-27,DEU-0002,DEU-GRE
2026-27,DEU-0002,DEU-HAN
2026-27,DEU-0002,DEU-HDH
2026-27,DEU-0002,DEU-HER
2026-27,DEU-0002,DEU-HOL
2026-27,DEU-0002,DEU-KAI
2026-27,DEU-0002,DEU-KAR
2026-27,DEU-0002,DEU-MAG
2026-27,DEU-0002,DEU-NUR
2026-27,DEU-0002,DEU-STP
2026-27,DEU-0002,DEU-VFA
2026-27,DEU-0002,DEU-VFL
2026-27,DEU-0002,DEU-WOB
2026-27,DNK-0001,DNK-AGF
2026-27,DNK-0001,DNK-BIF
2026-27,DNK-0001,DNK-FCK
2026-27,DNK-0001,DNK-FCM
2026-27,DNK-0001,DNK-HOR
2026-27,DNK-0001,DNK-LYN
2026-27,DNK-0001,DNK-NOR
2026-27,DNK-0001,DNK-OBK
2026-27,DNK-0001,DNK-RAN
2026-27,DNK-0001,DNK-SIL
2026-27,DNK-0001,DNK-SON
2026-27,DNK-0001,DNK-VIB
2026-27,DNK-0002,DNK-AAB
2026-27,DNK-0002,DNK-AAR
2026-27,DNK-0002,DNK-ABX
2026-27,DNK-0002,DNK-ESB
2026-27,DNK-0002,DNK-FRE
2026-27,DNK-0002,DNK-HBK
2026-27,DNK-0002,DNK-HIL
2026-27,DNK-0002,DNK-HOB
2026-27,DNK-0002,DNK-HVI
2026-27,DNK-0002,DNK-KOL
2026-27,DNK-0002,DNK-VEJ
2026-27,DNK-0002,DNK-VEN
2026-27,ENG-0001,ENG-ARS
2026-27,ENG-0001,ENG-AST
2026-27,ENG-0001,ENG-BOU
2026-27,ENG-0001,ENG-BRE
2026-27,ENG-0001,ENG-BRI
2026-27,ENG-0001,ENG-CFC
2026-27,ENG-0001,ENG-COV
2026-27,ENG-0001,ENG-CRY
2026-27,ENG-0001,ENG-EVE
2026-27,ENG-0001,ENG-FUL
2026-27,ENG-0001,ENG-HUL
2026-27,ENG-0001,ENG-IPS
2026-27,ENG-0001,ENG-LEE
2026-27,ENG-0001,ENG-LFC
2026-27,ENG-0001,ENG-MCI
2026-27,ENG-0001,ENG-MUN
2026-27,ENG-0001,ENG-NEW
2026-27,ENG-0001,ENG-NOT
2026-27,ENG-0001,ENG-SUN
2026-27,ENG-0001,ENG-TOT
2026-27,ENG-0002,ENG-BAD
2026-27,ENG-0002,ENG-BIR
2026-27,ENG-0002,ENG-BLA
2026-27,ENG-0002,ENG-BOL
2026-27,ENG-0002,ENG-BUR
2026-27,ENG-0002,ENG-CAR
2026-27,ENG-0002,ENG-CHA
2026-27,ENG-0002,ENG-DER
2026-27,ENG-0002,ENG-LIN
2026-27,ENG-0002,ENG-MID
2026-27,ENG-0002,ENG-MIL
2026-27,ENG-0002,ENG-NAA
2026-27,ENG-0002,ENG-PAA
2026-27,ENG-0002,ENG-PRE
2026-27,ENG-0002,ENG-QUE
2026-27,ENG-0002,ENG-SAB
2026-27,ENG-0002,ENG-SHE
2026-27,ENG-0002,ENG-SOU
2026-27,ENG-0002,ENG-SWA
2026-27,ENG-0002,ENG-WAT
2026-27,ENG-0002,ENG-WEH
2026-27,ENG-0002,ENG-WES
2026-27,ENG-0002,ENG-WOL
2026-27,ENG-0002,ENG-WRE
2026-27,ENG-0003,ENG-BAA
2026-27,ENG-0003,ENG-BAC
2026-27,ENG-0003,ENG-BRA
2026-27,ENG-0003,ENG-BRO
2026-27,ENG-0003,ENG-BUA
2026-27,ENG-0003,ENG-CAM
2026-27,ENG-0003,ENG-DON
2026-27,ENG-0003,ENG-HUD
2026-27,ENG-0003,ENG-LEI
2026-27,ENG-0003,ENG-LEY
2026-27,ENG-0003,ENG-LUT
2026-27,ENG-0003,ENG-MAN
2026-27,ENG-0003,ENG-MKD
2026-27,ENG-0003,ENG-NOC
2026-27,ENG-0003,ENG-OXF
2026-27,ENG-0003,ENG-PET
2026-27,ENG-0003,ENG-PLY
2026-27,ENG-0003,ENG-REA
2026-27,ENG-0003,ENG-SHW
2026-27,ENG-0003,ENG-STE
2026-27,ENG-0003,ENG-STO
2026-27,ENG-0003,ENG-WIG
2026-27,ENG-0003,ENG-WIM
2026-27,ENG-0003,ENG-WYC
2026-27,ENG-0004,ENG-ACC
2026-27,ENG-0004,ENG-BAR
2026-27,ENG-0004,ENG-BRR
2026-27,ENG-0004,ENG-CAB
2026-27,ENG-0004,ENG-CHE
2026-27,ENG-0004,ENG-COL
2026-27,ENG-0004,ENG-CRA
2026-27,ENG-0004,ENG-CRE
2026-27,ENG-0004,ENG-EXE
2026-27,ENG-0004,ENG-FLE
2026-27,ENG-0004,ENG-GIL
2026-27,ENG-0004,ENG-GRI
2026-27,ENG-0004,ENG-NEC
2026-27,ENG-0004,ENG-NOR
2026-27,ENG-0004,ENG-OLD
2026-27,ENG-0004,ENG-POR
2026-27,ENG-0004,ENG-ROC
2026-27,ENG-0004,ENG-ROT
2026-27,ENG-0004,ENG-SAL
2026-27,ENG-0004,ENG-SHR
2026-27,ENG-0004,ENG-SWI
2026-27,ENG-0004,ENG-TRA
2026-27,ENG-0004,ENG-WAL
2026-27,ENG-0004,ENG-YOR
2026-27,ESP-0001,ESP-ALA
2026-27,ESP-0001,ESP-ATH
2026-27,ESP-0001,ESP-ATM
2026-27,ESP-0001,ESP-BET
2026-27,ESP-0001,ESP-CEL
2026-27,ESP-0001,ESP-DEP
2026-27,ESP-0001,ESP-ELC
2026-27,ESP-0001,ESP-ESP
2026-27,ESP-0001,ESP-FCB
2026-27,ESP-0001,ESP-GET
2026-27,ESP-0001,ESP-LEV
2026-27,ESP-0001,ESP-MAA
2026-27,ESP-0001,ESP-OSA
2026-27,ESP-0001,ESP-RAC
2026-27,ESP-0001,ESP-RAY
2026-27,ESP-0001,ESP-RMA
2026-27,ESP-0001,ESP-RSO
2026-27,ESP-0001,ESP-SEV
2026-27,ESP-0001,ESP-VAL
2026-27,ESP-0001,ESP-VIL
2026-27,ESP-0002,AND-AND
2026-27,ESP-0002,ESP-ADC
2026-27,ESP-0002,ESP-ALB
2026-27,ESP-0002,ESP-ALM
2026-27,ESP-0002,ESP-BUR
2026-27,ESP-0002,ESP-CAD
2026-27,ESP-0002,ESP-CAS
2026-27,ESP-0002,ESP-CEA
2026-27,ESP-0002,ESP-COR
2026-27,ESP-0002,ESP-EIB
2026-27,ESP-0002,ESP-ELD
2026-27,ESP-0002,ESP-GIR
2026-27,ESP-0002,ESP-GRA
2026-27,ESP-0002,ESP-LAS
2026-27,ESP-0002,ESP-LEG
2026-27,ESP-0002,ESP-MAL
2026-27,ESP-0002,ESP-OVI
2026-27,ESP-0002,ESP-REA
2026-27,ESP-0002,ESP-REB
2026-27,ESP-0002,ESP-SAB
2026-27,ESP-0002,ESP-SPO
2026-27,ESP-0002,ESP-TEN
2026,EST-0001,EST-FLO
2026,EST-0001,EST-HAR
2026,EST-0001,EST-KAL
2026,EST-0001,EST-KUR
2026,EST-0001,EST-LEV
2026,EST-0001,EST-NAR
2026,EST-0001,EST-NOM
2026,EST-0001,EST-PAI
2026,EST-0001,EST-TAM
2026,EST-0001,EST-VAP
2026,FIN-0001,FIN-FFJ
2026,FIN-0001,FIN-GNI
2026,FIN-0001,FIN-HJK
2026,FIN-0001,FIN-ILV
2026,FIN-0001,FIN-INT
2026,FIN-0001,FIN-KUP
2026,FIN-0001,FIN-LAH
2026,FIN-0001,FIN-MAR
2026,FIN-0001,FIN-OUL
2026,FIN-0001,FIN-SJK
2026,FIN-0001,FIN-TPS
2026,FIN-0001,FIN-VPS
2026,FIN-0002,FIN-EIF
2026,FIN-0002,FIN-HAK
2026,FIN-0002,FIN-JAP
2026,FIN-0002,FIN-JIP
2026,FIN-0002,FIN-KAP
2026,FIN-0002,FIN-KLU
2026,FIN-0002,FIN-KTP
2026,FIN-0002,FIN-MPX
2026,FIN-0002,FIN-PKX
2026,FIN-0002,FIN-SJA
2026-27,FRA-0001,FRA-ANG
2026-27,FRA-0001,FRA-AUX
2026-27,FRA-0001,FRA-BRE
2026-27,FRA-0001,FRA-HAC
2026-27,FRA-0001,FRA-LEM
2026-27,FRA-0001,FRA-LEN
2026-27,FRA-0001,FRA-LIL
2026-27,FRA-0001,FRA-LOR
2026-27,FRA-0001,FRA-LYO
2026-27,FRA-0001,FRA-MON
2026-27,FRA-0001,FRA-NIC
2026-27,FRA-0001,FRA-OLY
2026-27,FRA-0001,FRA-PFC
2026-27,FRA-0001,FRA-PSG
2026-27,FRA-0001,FRA-REN
2026-27,FRA-0001,FRA-STR
2026-27,FRA-0001,FRA-TOU
2026-27,FRA-0001,FRA-TRO
2026-27,FRA-0002,FRA-ANN
2026-27,FRA-0002,FRA-BOU
2026-27,FRA-0002,FRA-CLE
2026-27,FRA-0002,FRA-DIJ
2026-27,FRA-0002,FRA-DUN
2026-27,FRA-0002,FRA-GRE
2026-27,FRA-0002,FRA-GUI
2026-27,FRA-0002,FRA-LAV
2026-27,FRA-0002,FRA-MET
2026-27,FRA-0002,FRA-MOA
2026-27,FRA-0002,FRA-NAA
2026-27,FRA-0002,FRA-NAN
2026-27,FRA-0002,FRA-PAU
2026-27,FRA-0002,FRA-RED
2026-27,FRA-0002,FRA-REI
2026-27,FRA-0002,FRA-ROD
2026-27,FRA-0002,FRA-SAI
2026-27,FRA-0002,FRA-SOC
2026,FRO-0001,FRO-ABA
2026,FRO-0001,FRO-BAA
2026,FRO-0001,FRO-EBB
2026,FRO-0001,FRO-HBT
2026,FRO-0001,FRO-KLA
2026,FRO-0001,FRO-NSI
2026,FRO-0001,FRO-SKA
2026,FRO-0001,FRO-TOF
2026,FRO-0001,FRO-VES
2026,FRO-0001,FRO-VIK
2026,GEO-0001,GEO-DIL
2026,GEO-0001,GEO-DIN
2026,GEO-0001,GEO-DTB
2026,GEO-0001,GEO-GAG
2026,GEO-0001,GEO-IBE
2026,GEO-0001,GEO-MES
2026,GEO-0001,GEO-RUS
2026,GEO-0001,GEO-SAM
2026,GEO-0001,GEO-SPA
2026,GEO-0001,GEO-TOR
2026-27,GIB-0001,GIB-COL
2026-27,GIB-0001,GIB-EFC
2026-27,GIB-0001,GIB-EUR
2026-27,GIB-0001,GIB-FCB
2026-27,GIB-0001,GIB-GLA
2026-27,GIB-0001,GIB-HOU
2026-27,GIB-0001,GIB-LIO
2026-27,GIB-0001,GIB-LRI
2026-27,GIB-0001,GIB-LYN
2026-27,GIB-0001,GIB-MON
2026-27,GIB-0001,GIB-SJO
2026-27,GRC-0001,GRC-AEK
2026-27,GRC-0001,GRC-ARI
2026-27,GRC-0001,GRC-AST
2026-27,GRC-0001,GRC-ATR
2026-27,GRC-0001,GRC-IRA
2026-27,GRC-0001,GRC-KAL
2026-27,GRC-0001,GRC-KIF
2026-27,GRC-0001,GRC-LEV
2026-27,GRC-0001,GRC-OFI
2026-27,GRC-0001,GRC-OLY
2026-27,GRC-0001,GRC-PAK
2026-27,GRC-0001,GRC-PAN
2026-27,GRC-0001,GRC-PAO
2026-27,GRC-0001,GRC-VOL
2026-27,GRC-0002,GRC-AEL
2026-27,GRC-0002,GRC-ANA
2026-27,GRC-0002,GRC-APO
2026-27,GRC-0002,GRC-ASA
2026-27,GRC-0002,GRC-ATH
2026-27,GRC-0002,GRC-HEL
2026-27,GRC-0002,GRC-MAR
2026-27,GRC-0002,GRC-NES
2026-27,GRC-0002,GRC-NIK
2026-27,GRC-0002,GRC-OLA
2026-27,GRC-0002,GRC-PAA
2026-27,GRC-0002,GRC-PAB
2026-27,GRC-0002,GRC-PAC
2026-27,GRC-0002,GRC-PAD
2026-27,GRC-0002,GRC-PAS
2026-27,GRC-0002,GRC-ZAK
2026-27,HRV-0001,HRV-DIN
2026-27,HRV-0001,HRV-GOR
2026-27,HRV-0001,HRV-HAJ
2026-27,HRV-0001,HRV-IST
2026-27,HRV-0001,HRV-LOK
2026-27,HRV-0001,HRV-OSI
2026-27,HRV-0001,HRV-RIJ
2026-27,HRV-0001,HRV-RUD
2026-27,HRV-0001,HRV-SLA
2026-27,HRV-0001,HRV-VAR
2026-27,HRV-0002,HRV-BSK
2026-27,HRV-0002,HRV-CIB
2026-27,HRV-0002,HRV-CRO
2026-27,HRV-0002,HRV-DIA
2026-27,HRV-0002,HRV-DUB
2026-27,HRV-0002,HRV-DUG
2026-27,HRV-0002,HRV-HRV
2026-27,HRV-0002,HRV-JAD
2026-27,HRV-0002,HRV-KAR
2026-27,HRV-0002,HRV-KUS
2026-27,HRV-0002,HRV-MLA
2026-27,HRV-0002,HRV-OPA
2026-27,HRV-0002,HRV-ORI
2026-27,HRV-0002,HRV-SEG
2026-27,HRV-0002,HRV-SES
2026-27,HRV-0002,HRV-VUK
2026-27,HUN-0001,HUN-BUD
2026-27,HUN-0001,HUN-DEB
2026-27,HUN-0001,HUN-FTC
2026-27,HUN-0001,HUN-GYO
2026-27,HUN-0001,HUN-KIS
2026-27,HUN-0001,HUN-MTK
2026-27,HUN-0001,HUN-NYI
2026-27,HUN-0001,HUN-PAK
2026-27,HUN-0001,HUN-PUS
2026-27,HUN-0001,HUN-UJP
2026-27,HUN-0001,HUN-VAS
2026-27,HUN-0001,HUN-ZAL
2026-27,HUN-0002,HUN-AJK
2026-27,HUN-0002,HUN-BVS
2026-27,HUN-0002,HUN-CSA
2026-27,HUN-0002,HUN-DIO
2026-27,HUN-0002,HUN-FEH
2026-27,HUN-0002,HUN-GYI
2026-27,HUN-0002,HUN-KAR
2026-27,HUN-0002,HUN-KAZ
2026-27,HUN-0002,HUN-KEC
2026-27,HUN-0002,HUN-KOZ
2026-27,HUN-0002,HUN-MEZ
2026-27,HUN-0002,HUN-NAG
2026-27,HUN-0002,HUN-SOR
2026-27,HUN-0002,HUN-SZA
2026-27,HUN-0002,HUN-SZE
2026-27,HUN-0002,HUN-TIS
2026,IRL-0001,IRL-BOH
2026,IRL-0001,IRL-DER
2026,IRL-0001,IRL-DRO
2026,IRL-0001,IRL-DUN
2026,IRL-0001,IRL-GAL
2026,IRL-0001,IRL-SHE
2026,IRL-0001,IRL-SHR
2026,IRL-0001,IRL-SLR
2026,IRL-0001,IRL-STP
2026,IRL-0001,IRL-WAT
2026,IRL-0002,IRL-ATH
2026,IRL-0002,IRL-BRA
2026,IRL-0002,IRL-COB
2026,IRL-0002,IRL-COR
2026,IRL-0002,IRL-FIN
2026,IRL-0002,IRL-KER
2026,IRL-0002,IRL-LON
2026,IRL-0002,IRL-TRE
2026,IRL-0002,IRL-UCD
2026,IRL-0002,IRL-WEX
2026,ISL-0001,ISL-AKR
2026,ISL-0001,ISL-BRE
2026,ISL-0001,ISL-FHA
2026,ISL-0001,ISL-FRA
2026,ISL-0001,ISL-IBV
2026,ISL-0001,ISL-KAX
2026,ISL-0001,ISL-KEF
2026,ISL-0001,ISL-KRA
2026,ISL-0001,ISL-STJ
2026,ISL-0001,ISL-THO
2026,ISL-0001,ISL-VAL
2026,ISL-0001,ISL-VIK
2026-27,ISR-0001,ISR-BJL
2026-27,ISR-0001,ISR-BNE
2026-27,ISR-0001,ISR-HAA
2026-27,ISR-0001,ISR-HAB
2026-27,ISR-0001,ISR-HAC
2026-27,ISR-0001,ISR-HAP
2026-27,ISR-0001,ISR-HBS
2026-27,ISR-0001,ISR-HHA
2026-27,ISR-0001,ISR-HPT
2026-27,ISR-0001,ISR-IRO
2026-27,ISR-0001,ISR-MAC
2026-27,ISR-0001,ISR-MHA
2026-27,ISR-0001,ISR-MNP
2026-27,ISR-0001,ISR-MTA
2026-27,ISR-0002,ISR-ASH
2026-27,ISR-0002,ISR-BNA
2026-27,ISR-0002,ISR-HAD
2026-27,ISR-0002,ISR-HAE
2026-27,ISR-0002,ISR-HAF
2026-27,ISR-0002,ISR-HAG
2026-27,ISR-0002,ISR-HAH
2026-27,ISR-0002,ISR-HAI
2026-27,ISR-0002,ISR-IRA
2026-27,ISR-0002,ISR-KAF
2026-27,ISR-0002,ISR-KIR
2026-27,ISR-0002,ISR-MAA
2026-27,ISR-0002,ISR-MAB
2026-27,ISR-0002,ISR-MAD
2026-27,ISR-0002,ISR-MAE
2026-27,ISR-0002,ISR-MSA
2026-27,ITA-0001,ITA-ATA
2026-27,ITA-0001,ITA-BOL
2026-27,ITA-0001,ITA-CAG
2026-27,ITA-0001,ITA-COM
2026-27,ITA-0001,ITA-FIO
2026-27,ITA-0001,ITA-FRO
2026-27,ITA-0001,ITA-GEN
2026-27,ITA-0001,ITA-INT
2026-27,ITA-0001,ITA-JUV
2026-27,ITA-0001,ITA-LAZ
2026-27,ITA-0001,ITA-LEC
2026-27,ITA-0001,ITA-MIL
2026-27,ITA-0001,ITA-MON
2026-27,ITA-0001,ITA-NAP
2026-27,ITA-0001,ITA-PAR
2026-27,ITA-0001,ITA-ROM
2026-27,ITA-0001,ITA-SAS
2026-27,ITA-0001,ITA-TOR
2026-27,ITA-0001,ITA-UDI
2026-27,ITA-0001,ITA-VEN
2026-27,ITA-0002,ITA-ARE
2026-27,ITA-0002,ITA-ASC
2026-27,ITA-0002,ITA-AVE
2026-27,ITA-0002,ITA-BEN
2026-27,ITA-0002,ITA-CAR
2026-27,ITA-0002,ITA-CAT
2026-27,ITA-0002,ITA-CES
2026-27,ITA-0002,ITA-CRE
2026-27,ITA-0002,ITA-EMP
2026-27,ITA-0002,ITA-JUA
2026-27,ITA-0002,ITA-LRV
2026-27,ITA-0002,ITA-MAN
2026-27,ITA-0002,ITA-MOD
2026-27,ITA-0002,ITA-PAD
2026-27,ITA-0002,ITA-PAL
2026-27,ITA-0002,ITA-PIS
2026-27,ITA-0002,ITA-SAM
2026-27,ITA-0002,ITA-SUD
2026-27,ITA-0002,ITA-VER
2026-27,ITA-0002,ITA-VIR
2026,KAZ-0001,KAZ-AKT
2026,KAZ-0001,KAZ-ALT
2026,KAZ-0001,KAZ-AST
2026,KAZ-0001,KAZ-ATY
2026,KAZ-0001,KAZ-ELI
2026,KAZ-0001,KAZ-IRT
2026,KAZ-0001,KAZ-JEN
2026,KAZ-0001,KAZ-KAA
2026,KAZ-0001,KAZ-KAI
2026,KAZ-0001,KAZ-KAS
2026,KAZ-0001,KAZ-KYZ
2026,KAZ-0001,KAZ-OKZ
2026,KAZ-0001,KAZ-ORD
2026,KAZ-0001,KAZ-TOB
2026,KAZ-0001,KAZ-ULY
2026,KAZ-0001,KAZ-ZHE
2026-27,KOS-0001,KOS-BAL
2026-27,KOS-0001,KOS-DRE
2026-27,KOS-0001,KOS-DRI
2026-27,KOS-0001,KOS-DUK
2026-27,KOS-0001,KOS-FEA
2026-27,KOS-0001,KOS-GJI
2026-27,KOS-0001,KOS-LAP
2026-27,KOS-0001,KOS-MAL
2026-27,KOS-0001,KOS-PRI
2026-27,KOS-0001,KOS-VUS
2026,LTU-0001,LTU-BAN
2026,LTU-0001,LTU-DZI
2026,LTU-0001,LTU-HEG
2026,LTU-0001,LTU-KAZ
2026,LTU-0001,LTU-PAN
2026,LTU-0001,LTU-RIT
2026,LTU-0001,LTU-SIA
2026,LTU-0001,LTU-SUD
2026,LTU-0001,LTU-TRA
2026,LTU-0001,LTU-ZAL
2026-27,LUX-0001,LUX-ATE
2026-27,LUX-0001,LUX-DIF
2026-27,LUX-0001,LUX-ETZ
2026-27,LUX-0001,LUX-FAA
2026-27,LUX-0001,LUX-HOS
2026-27,LUX-0001,LUX-JEU
2026-27,LUX-0001,LUX-KAE
2026-27,LUX-0001,LUX-MON
2026-27,LUX-0001,LUX-PRO
2026-27,LUX-0001,LUX-RAC
2026-27,LUX-0001,LUX-RES
2026-27,LUX-0001,LUX-RUM
2026-27,LUX-0001,LUX-SWI
2026-27,LUX-0001,LUX-UNA
2026-27,LUX-0001,LUX-VIC
2026-27,LUX-0001,LUX-WIL
2026,LVA-0001,LVA-AUD
2026,LVA-0001,LVA-DAU
2026,LVA-0001,LVA-FSJ
2026,LVA-0001,LVA-GRO
2026,LVA-0001,LVA-LIE
2026,LVA-0001,LVA-OGR
2026,LVA-0001,LVA-RFS
2026,LVA-0001,LVA-RIG
2026,LVA-0001,LVA-SUP
2026,LVA-0001,LVA-TUK
2026-27,MDA-0001,MDA-BAL
2026-27,MDA-0001,MDA-DAC
2026-27,MDA-0001,MDA-MIL
2026-27,MDA-0001,MDA-PET
2026-27,MDA-0001,MDA-POL
2026-27,MDA-0001,MDA-REA
2026-27,MDA-0001,MDA-SHF
2026-27,MDA-0001,MDA-ZIM
2026-27,MKD-0001,MKD-ARS
2026-27,MKD-0001,MKD-BAS
2026-27,MKD-0001,MKD-BRE
2026-27,MKD-0001,MKD-SHA
2026-27,MKD-0001,MKD-SHK
2026-27,MKD-0001,MKD-SIL
2026-27,MKD-0001,MKD-SKO
2026-27,MKD-0001,MKD-STR
2026-27,MKD-0001,MKD-TIK
2026-27,MKD-0001,MKD-VAR
2026-27,MLT-0001,MLT-BAL
2026-27,MLT-0001,MLT-BIA
2026-27,MLT-0001,MLT-BIR
2026-27,MLT-0001,MLT-FLO
2026-27,MLT-0001,MLT-GZI
2026-27,MLT-0001,MLT-HAM
2026-27,MLT-0001,MLT-HIB
2026-27,MLT-0001,MLT-MAR
2026-27,MLT-0001,MLT-MOS
2026-27,MLT-0001,MLT-SLI
2026-27,MLT-0001,MLT-VAL
2026-27,MLT-0001,MLT-ZAB
2026-27,MNE-0001,MNE-ARS
2026-27,MNE-0001,MNE-BOK
2026-27,MNE-0001,MNE-BUD
2026-27,MNE-0001,MNE-DEC
2026-27,MNE-0001,MNE-JEZ
2026-27,MNE-0001,MNE-MLA
2026-27,MNE-0001,MNE-MOR
2026-27,MNE-0001,MNE-OTR
2026-27,MNE-0001,MNE-PET
2026-27,MNE-0001,MNE-SUT
2026-27,NIR-0001,NIR-BAL
2026-27,NIR-0001,NIR-BAN
2026-27,NIR-0001,NIR-CAR
2026-27,NIR-0001,NIR-CLI
2026-27,NIR-0001,NIR-COL
2026-27,NIR-0001,NIR-CRU
2026-27,NIR-0001,NIR-DUN
2026-27,NIR-0001,NIR-GLN
2026-27,NIR-0001,NIR-LAR
2026-27,NIR-0001,NIR-LIM
2026-27,NIR-0001,NIR-LIN
2026-27,NIR-0001,NIR-POR
2026-27,NLD-0001,NLD-ADO
2026-27,NLD-0001,NLD-AJA
2026-27,NLD-0001,NLD-AZA
2026-27,NLD-0001,NLD-CAM
2026-27,NLD-0001,NLD-EXC
2026-27,NLD-0001,NLD-FEY
2026-27,NLD-0001,NLD-FOR
2026-27,NLD-0001,NLD-GAE
2026-27,NLD-0001,NLD-GRO
2026-27,NLD-0001,NLD-HEE
2026-27,NLD-0001,NLD-NEC
2026-27,NLD-0001,NLD-PEC
2026-27,NLD-0001,NLD-PSV
2026-27,NLD-0001,NLD-SPA
2026-27,NLD-0001,NLD-TEL
2026-27,NLD-0001,NLD-TWE
2026-27,NLD-0001,NLD-UTR
2026-27,NLD-0001,NLD-WIL
2026-27,NLD-0002,NLD-ALM
2026-27,NLD-0002,NLD-DEG
2026-27,NLD-0002,NLD-DEN
2026-27,NLD-0002,NLD-DOR
2026-27,NLD-0002,NLD-EIN
2026-27,NLD-0002,NLD-EMM
2026-27,NLD-0002,NLD-HEL
2026-27,NLD-0002,NLD-HER
2026-27,NLD-0002,NLD-JOA
2026-27,NLD-0002,NLD-JOB
2026-27,NLD-0002,NLD-JOC
2026-27,NLD-0002,NLD-JON
2026-27,NLD-0002,NLD-MVV
2026-27,NLD-0002,NLD-NAC
2026-27,NLD-0002,NLD-RKC
2026-27,NLD-0002,NLD-ROD
2026-27,NLD-0002,NLD-TOP
2026-27,NLD-0002,NLD-VIT
2026-27,NLD-0002,NLD-VOL
2026-27,NLD-0002,NLD-VVV
2026,NOR-0001,NOR-AAL
2026,NOR-0001,NOR-BOD
2026,NOR-0001,NOR-BRA
2026,NOR-0001,NOR-FRE
2026,NOR-0001,NOR-HAM
2026,NOR-0001,NOR-KFU
2026,NOR-0001,NOR-KRI
2026,NOR-0001,NOR-LIL
2026,NOR-0001,NOR-MOL
2026,NOR-0001,NOR-RBK
2026,NOR-0001,NOR-SAN
2026,NOR-0001,NOR-SAR
2026,NOR-0001,NOR-STA
2026,NOR-0001,NOR-TRO
2026,NOR-0001,NOR-VAL
2026,NOR-0001,NOR-VIK
2026,NOR-0002,NOR-ASA
2026,NOR-0002,NOR-BRY
2026,NOR-0002,NOR-EGE
2026,NOR-0002,NOR-HAU
2026,NOR-0002,NOR-HOD
2026,NOR-0002,NOR-KON
2026,NOR-0002,NOR-LYN
2026,NOR-0002,NOR-MOS
2026,NOR-0002,NOR-ODD
2026,NOR-0002,NOR-RAN
2026,NOR-0002,NOR-RAU
2026,NOR-0002,NOR-SAA
2026,NOR-0002,NOR-SOG
2026,NOR-0002,NOR-STB
2026,NOR-0002,NOR-STC
2026,NOR-0002,NOR-STR
2026-27,POL-0001,POL-CRA
2026-27,POL-0001,POL-GKS
2026-27,POL-0001,POL-GOR
2026-27,POL-0001,POL-JAG
2026-27,POL-0001,POL-KOR
2026-27,POL-0001,POL-LEC
2026-27,POL-0001,POL-LEG
2026-27,POL-0001,POL-MOT
2026-27,POL-0001,POL-PIA
2026-27,POL-0001,POL-POG
2026-27,POL-0001,POL-RAD
2026-27,POL-0001,POL-RAK
2026-27,POL-0001,POL-SLA
2026-27,POL-0001,POL-WIA
2026-27,POL-0001,POL-WID
2026-27,POL-0001,POL-WIE
2026-27,POL-0001,POL-WIS
2026-27,POL-0001,POL-ZAG
2026-27,POL-0002,POL-ARK
2026-27,POL-0002,POL-CHR
2026-27,POL-0002,POL-LEA
2026-27,POL-0002,POL-LKA
2026-27,POL-0002,POL-LKS
2026-27,POL-0002,POL-MIE
2026-27,POL-0002,POL-ODR
2026-27,POL-0002,POL-POA
2026-27,POL-0002,POL-POB
2026-27,POL-0002,POL-POC
2026-27,POL-0002,POL-POD
2026-27,POL-0002,POL-POL
2026-27,POL-0002,POL-PUS
2026-27,POL-0002,POL-RUC
2026-27,POL-0002,POL-STA
2026-27,POL-0002,POL-STB
2026-27,POL-0002,POL-UNI
2026-27,POL-0002,POL-WAR
2026-27,PRT-0001,PRT-ACA
2026-27,PRT-0001,PRT-ALV
2026-27,PRT-0001,PRT-ARO
2026-27,PRT-0001,PRT-BEN
2026-27,PRT-0001,PRT-BRA
2026-27,PRT-0001,PRT-CAS
2026-27,PRT-0001,PRT-ESA
2026-27,PRT-0001,PRT-EST
2026-27,PRT-0001,PRT-FAM
2026-27,PRT-0001,PRT-GIL
2026-27,PRT-0001,PRT-MAR
2026-27,PRT-0001,PRT-MOR
2026-27,PRT-0001,PRT-NAC
2026-27,PRT-0001,PRT-POR
2026-27,PRT-0001,PRT-RIO
2026-27,PRT-0001,PRT-SAN
2026-27,PRT-0001,PRT-SCP
2026-27,PRT-0001,PRT-VSC
2026-27,PRT-0002,PRT-ACB
2026-27,PRT-0002,PRT-AMA
2026-27,PRT-0002,PRT-AVS
2026-27,PRT-0002,PRT-BEA
2026-27,PRT-0002,PRT-CHA
2026-27,PRT-0002,PRT-FAR
2026-27,PRT-0002,PRT-FEI
2026-27,PRT-0002,PRT-FEL
2026-27,PRT-0002,PRT-LEI
2026-27,PRT-0002,PRT-LUS
2026-27,PRT-0002,PRT-PEN
2026-27,PRT-0002,PRT-POA
2026-27,PRT-0002,PRT-POB
2026-27,PRT-0002,PRT-SPO
2026-27,PRT-0002,PRT-TON
2026-27,PRT-0002,PRT-TOR
2026-27,PRT-0002,PRT-UNI
2026-27,PRT-0002,PRT-VIZ
2026-27,ROU-0001,ROU-ARG
2026-27,ROU-0001,ROU-BOT
2026-27,ROU-0001,ROU-CFR
2026-27,ROU-0001,ROU-CLU
2026-27,ROU-0001,ROU-COR
2026-27,ROU-0001,ROU-CSI
2026-27,ROU-0001,ROU-DIN
2026-27,ROU-0001,ROU-FAR
2026-27,ROU-0001,ROU-FCS
2026-27,ROU-0001,ROU-OTE
2026-27,ROU-0001,ROU-PET
2026-27,ROU-0001,ROU-RAP
2026-27,ROU-0001,ROU-SEP
2026-27,ROU-0001,ROU-UCV
2026-27,ROU-0001,ROU-UTA
2026-27,ROU-0001,ROU-VOL
2026-27,ROU-0002,ROU-ACS
2026-27,ROU-0002,ROU-AFU
2026-27,ROU-0002,ROU-BAC
2026-27,ROU-0002,ROU-BIH
2026-27,ROU-0002,ROU-CET
2026-27,ROU-0002,ROU-CHI
2026-27,ROU-0002,ROU-CON
2026-27,ROU-0002,ROU-CSA
2026-27,ROU-0002,ROU-CSD
2026-27,ROU-0002,ROU-CSM
2026-27,ROU-0002,ROU-DUM
2026-27,ROU-0002,ROU-GLO
2026-27,ROU-0002,ROU-MEA
2026-27,ROU-0002,ROU-MET
2026-27,ROU-0002,ROU-OLI
2026-27,ROU-0002,ROU-POP
2026-27,ROU-0002,ROU-SCM
2026-27,ROU-0002,ROU-SEL
2026-27,ROU-0002,ROU-SSU
2026-27,ROU-0002,ROU-STE
2026-27,ROU-0002,ROU-TAR
2026-27,ROU-0002,ROU-UNI
2026-27,RUS-0001,RUS-AKH
2026-27,RUS-0001,RUS-AKR
2026-27,RUS-0001,RUS-BAL
2026-27,RUS-0001,RUS-CSK
2026-27,RUS-0001,RUS-DIN
2026-27,RUS-0001,RUS-DYN
2026-27,RUS-0001,RUS-FAK
2026-27,RUS-0001,RUS-KRA
2026-27,RUS-0001,RUS-KRY
2026-27,RUS-0001,RUS-LOK
2026-27,RUS-0001,RUS-ORE
2026-27,RUS-0001,RUS-ROD
2026-27,RUS-0001,RUS-ROS
2026-27,RUS-0001,RUS-RUB
2026-27,RUS-0001,RUS-SPA
2026-27,RUS-0001,RUS-ZEN
2026-27,SCO-0001,SCO-ABE
2026-27,SCO-0001,SCO-CEL
2026-27,SCO-0001,SCO-DUN
2026-27,SCO-0001,SCO-DUU
2026-27,SCO-0001,SCO-FAL
2026-27,SCO-0001,SCO-HEA
2026-27,SCO-0001,SCO-HIB
2026-27,SCO-0001,SCO-KIL
2026-27,SCO-0001,SCO-MOT
2026-27,SCO-0001,SCO-RAN
2026-27,SCO-0001,SCO-STJ
2026-27,SCO-0001,SCO-STM
2026-27,SCO-0002,SCO-ARB
2026-27,SCO-0002,SCO-AYR
2026-27,SCO-0002,SCO-DUA
2026-27,SCO-0002,SCO-GRE
2026-27,SCO-0002,SCO-INV
2026-27,SCO-0002,SCO-LIV
2026-27,SCO-0002,SCO-PAR
2026-27,SCO-0002,SCO-QUE
2026-27,SCO-0002,SCO-RAI
2026-27,SCO-0002,SCO-STE
2026-27,SMR-0001,SMR-CAI
2026-27,SMR-0001,SMR-COS
2026-27,SMR-0001,SMR-DOM
2026-27,SMR-0001,SMR-FAE
2026-27,SMR-0001,SMR-FIO
2026-27,SMR-0001,SMR-FOL
2026-27,SMR-0001,SMR-JUV
2026-27,SMR-0001,SMR-LFI
2026-27,SMR-0001,SMR-LIB
2026-27,SMR-0001,SMR-MUR
2026-27,SMR-0001,SMR-PEN
2026-27,SMR-0001,SMR-SAA
2026-27,SMR-0001,SMR-SAN
2026-27,SMR-0001,SMR-TPE
2026-27,SMR-0001,SMR-TRE
2026-27,SMR-0001,SMR-VIR
2026-27,SRB-0001,SRB-CUK
2026-27,SRB-0001,SRB-CZV
2026-27,SRB-0001,SRB-IMT
2026-27,SRB-0001,SRB-MAC
2026-27,SRB-0001,SRB-MLU
2026-27,SRB-0001,SRB-NOV
2026-27,SRB-0001,SRB-OFK
2026-27,SRB-0001,SRB-PAR
2026-27,SRB-0001,SRB-RAA
2026-27,SRB-0001,SRB-RAB
2026-27,SRB-0001,SRB-RAD
2026-27,SRB-0001,SRB-VOJ
2026-27,SRB-0001,SRB-ZEL
2026-27,SRB-0001,SRB-ZEM
2026-27,SRB-0002,SRB-BOA
2026-27,SRB-0002,SRB-BOR
2026-27,SRB-0002,SRB-DUB
2026-27,SRB-0002,SRB-GRA
2026-27,SRB-0002,SRB-JAV
2026-27,SRB-0002,SRB-JED
2026-27,SRB-0002,SRB-LOZ
2026-27,SRB-0002,SRB-MET
2026-27,SRB-0002,SRB-NAP
2026-27,SRB-0002,SRB-OFA
2026-27,SRB-0002,SRB-PRO
2026-27,SRB-0002,SRB-SME
2026-27,SRB-0002,SRB-SPA
2026-27,SRB-0002,SRB-TEL
2026-27,SRB-0002,SRB-TSC
2026-27,SRB-0002,SRB-VOZ
2026-27,SVK-0001,SVK-BAN
2026-27,SVK-0001,SVK-DAC
2026-27,SVK-0001,SVK-KFK
2026-27,SVK-0001,SVK-KOS
2026-27,SVK-0001,SVK-MIC
2026-27,SVK-0001,SVK-POD
2026-27,SVK-0001,SVK-RUZ
2026-27,SVK-0001,SVK-SKA
2026-27,SVK-0001,SVK-SLO
2026-27,SVK-0001,SVK-TRE
2026-27,SVK-0001,SVK-TRN
2026-27,SVK-0001,SVK-ZIL
2026-27,SVK-0002,SVK-BAA
2026-27,SVK-0002,SVK-HUM
2026-27,SVK-0002,SVK-INT
2026-27,SVK-0002,SVK-LIP
2026-27,SVK-0002,SVK-LOK
2026-27,SVK-0002,SVK-MFK
2026-27,SVK-0002,SVK-MSK
2026-27,SVK-0002,SVK-OFK
2026-27,SVK-0002,SVK-PET
2026-27,SVK-0002,SVK-POH
2026-27,SVK-0002,SVK-POV
2026-27,SVK-0002,SVK-SAM
2026-27,SVK-0002,SVK-SLA
2026-27,SVK-0002,SVK-SLB
2026-27,SVK-0002,SVK-TAT
2026-27,SVK-0002,SVK-ZLA
2026-27,SVN-0001,SVN-ALU
2026-27,SVN-0001,SVN-BRA
2026-27,SVN-0001,SVN-BRI
2026-27,SVN-0001,SVN-CEL
2026-27,SVN-0001,SVN-KOP
2026-27,SVN-0001,SVN-MAR
2026-27,SVN-0001,SVN-MUR
2026-27,SVN-0001,SVN-NAF
2026-27,SVN-0001,SVN-OLI
2026-27,SVN-0001,SVN-RAD
2026-27,SVN-0002,SVN-BIL
2026-27,SVN-0002,SVN-BIS
2026-27,SVN-0002,SVN-BRE
2026-27,SVN-0002,SVN-DRA
2026-27,SVN-0002,SVN-DRE
2026-27,SVN-0002,SVN-ILI
2026-27,SVN-0002,SVN-JAD
2026-27,SVN-0002,SVN-JES
2026-27,SVN-0002,SVN-KRK
2026-27,SVN-0002,SVN-KRS
2026-27,SVN-0002,SVN-NDB
2026-27,SVN-0002,SVN-NDS
2026-27,SVN-0002,SVN-PRI
2026-27,SVN-0002,SVN-RUD
2026-27,SVN-0002,SVN-TAB
2026-27,SVN-0002,SVN-TRI
2026,SWE-0001,SWE-AIK
2026,SWE-0001,SWE-BRO
2026,SWE-0001,SWE-DEG
2026,SWE-0001,SWE-DIF
2026,SWE-0001,SWE-ELF
2026,SWE-0001,SWE-GAI
2026,SWE-0001,SWE-GOT
2026,SWE-0001,SWE-HAC
2026,SWE-0001,SWE-HAL
2026,SWE-0001,SWE-HAM
2026,SWE-0001,SWE-KAL
2026,SWE-0001,SWE-MFF
2026,SWE-0001,SWE-MJA
2026,SWE-0001,SWE-ORG
2026,SWE-0001,SWE-SIR
2026,SWE-0001,SWE-VAS
2026,SWE-0002,SWE-BRA
2026,SWE-0002,SWE-FAL
2026,SWE-0002,SWE-GIF
2026,SWE-0002,SWE-HEL
2026,SWE-0002,SWE-IFK
2026,SWE-0002,SWE-LAN
2026,SWE-0002,SWE-LJU
2026,SWE-0002,SWE-NOA
2026,SWE-0002,SWE-NOB
2026,SWE-0002,SWE-NOR
2026,SWE-0002,SWE-ODD
2026,SWE-0002,SWE-ORE
2026,SWE-0002,SWE-OSA
2026,SWE-0002,SWE-OST
2026,SWE-0002,SWE-SAN
2026,SWE-0002,SWE-VAR
2026-27,TUR-0001,TUR-ALA
2026-27,TUR-0001,TUR-AME
2026-27,TUR-0001,TUR-BAS
2026-27,TUR-0001,TUR-BES
2026-27,TUR-0001,TUR-COR
2026-27,TUR-0001,TUR-ERZ
2026-27,TUR-0001,TUR-EYU
2026-27,TUR-0001,TUR-FEN
2026-27,TUR-0001,TUR-GAL
2026-27,TUR-0001,TUR-GAZ
2026-27,TUR-0001,TUR-GEN
2026-27,TUR-0001,TUR-GOZ
2026-27,TUR-0001,TUR-KAS
2026-27,TUR-0001,TUR-KOC
2026-27,TUR-0001,TUR-KON
2026-27,TUR-0001,TUR-RIZ
2026-27,TUR-0001,TUR-SAM
2026-27,TUR-0001,TUR-TRA
2026-27,TUR-0002,TUR-ANK
2026-27,TUR-0002,TUR-ANT
2026-27,TUR-0002,TUR-BAN
2026-27,TUR-0002,TUR-BAT
2026-27,TUR-0002,TUR-BOD
2026-27,TUR-0002,TUR-BOL
2026-27,TUR-0002,TUR-BUR
2026-27,TUR-0002,TUR-ESE
2026-27,TUR-0002,TUR-FAT
2026-27,TUR-0002,TUR-IGD
2026-27,TUR-0002,TUR-IST
2026-27,TUR-0002,TUR-KAY
2026-27,TUR-0002,TUR-MAN
2026-27,TUR-0002,TUR-MAR
2026-27,TUR-0002,TUR-MUG
2026-27,TUR-0002,TUR-PEN
2026-27,TUR-0002,TUR-SAR
2026-27,TUR-0002,TUR-SIV
2026-27,TUR-0002,TUR-UMR
2026-27,TUR-0002,TUR-VAN
2026-27,UKR-0001,UKR-BUK
2026-27,UKR-0001,UKR-CHO
2026-27,UKR-0001,UKR-DYN
2026-27,UKR-0001,UKR-EPI
2026-27,UKR-0001,UKR-KAR
2026-27,UKR-0001,UKR-KHA
2026-27,UKR-0001,UKR-KOL
2026-27,UKR-0001,UKR-KRY
2026-27,UKR-0001,UKR-KUD
2026-27,UKR-0001,UKR-LIV
2026-27,UKR-0001,UKR-LNZ
2026-27,UKR-0001,UKR-OBO
2026-27,UKR-0001,UKR-POL
2026-27,UKR-0001,UKR-SHK
2026-27,UKR-0001,UKR-VER
2026-27,UKR-0001,UKR-ZOR
2026-27,UKR-0002,UKR-AHR
2026-27,UKR-0002,UKR-CHE
2026-27,UKR-0002,UKR-FEN
2026-27,UKR-0002,UKR-INH
2026-27,UKR-0002,UKR-KOA
2026-27,UKR-0002,UKR-KUL
2026-27,UKR-0002,UKR-LOK
2026-27,UKR-0002,UKR-MET
2026-27,UKR-0002,UKR-NYV
2026-27,UKR-0002,UKR-OLE
2026-27,UKR-0002,UKR-POA
2026-27,UKR-0002,UKR-POB
2026-27,UKR-0002,UKR-PRO
2026-27,UKR-0002,UKR-PRY
2026-27,UKR-0002,UKR-UCS
2026-27,UKR-0002,UKR-VIK
2026-27,WAL-0001,WAL-AIR
2026-27,WAL-0001,WAL-AMM
2026-27,WAL-0001,WAL-BAR
2026-27,WAL-0001,WAL-BRI
2026-27,WAL-0001,WAL-CAE
2026-27,WAL-0001,WAL-CAM
2026-27,WAL-0001,WAL-CAR
2026-27,WAL-0001,WAL-COL
2026-27,WAL-0001,WAL-CON
2026-27,WAL-0001,WAL-FLI
2026-27,WAL-0001,WAL-HAV
2026-27,WAL-0001,WAL-HOL
2026-27,WAL-0001,WAL-LLA
2026-27,WAL-0001,WAL-PEN
2026-27,WAL-0001,WAL-TNS
2026-27,WAL-0001,WAL-TRE
