entity_type,internal_id,provider,provider_id,verification_status
competition,ENG-0001,oddspapi,17,VERIFIED_PROVIDER_SNAPSHOT
competition,ENG-0002,oddspapi,18,VERIFIED_PROVIDER_SNAPSHOT
competition,ENG-0003,oddspapi,24,VERIFIED_PROVIDER_SNAPSHOT
competition,ENG-0004,oddspapi,25,VERIFIED_PROVIDER_SNAPSHOT
competition,ENG-0008,oddspapi,19,VERIFIED_PROVIDER_SNAPSHOT
competition,ENG-0009,oddspapi,21,VERIFIED_PROVIDER_SNAPSHOT
competition,ITA-0001,oddspapi,23,VERIFIED_PROVIDER_SNAPSHOT
competition,ITA-0002,oddspapi,53,VERIFIED_PROVIDER_SNAPSHOT
competition,ITA-0003,oddspapi,328,VERIFIED_PROVIDER_SNAPSHOT
competition,ESP-0001,oddspapi,8,VERIFIED_PROVIDER_SNAPSHOT
competition,ESP-0002,oddspapi,54,VERIFIED_PROVIDER_SNAPSHOT
competition,DEU-0001,oddspapi,35,VERIFIED_PROVIDER_SNAPSHOT
competition,DEU-0002,oddspapi,44,VERIFIED_PROVIDER_SNAPSHOT
competition,DEU-0004,oddspapi,217,VERIFIED_PROVIDER_SNAPSHOT
competition,FRA-0001,oddspapi,34,VERIFIED_PROVIDER_SNAPSHOT
competition,FRA-0002,oddspapi,182,VERIFIED_PROVIDER_SNAPSHOT
competition,FRA-0003,oddspapi,335,VERIFIED_PROVIDER_SNAPSHOT
competition,NLD-0001,oddspapi,37,VERIFIED_PROVIDER_SNAPSHOT
competition,NLD-0002,oddspapi,131,VERIFIED_PROVIDER_SNAPSHOT
competition,NLD-0003,oddspapi,330,VERIFIED_PROVIDER_SNAPSHOT
competition,PRT-0001,oddspapi,238,VERIFIED_PROVIDER_SNAPSHOT
competition,PRT-0002,oddspapi,239,VERIFIED_PROVIDER_SNAPSHOT
competition,PRT-0003,oddspapi,336,VERIFIED_PROVIDER_SNAPSHOT
competition,BEL-0001,oddspapi,38,VERIFIED_PROVIDER_SNAPSHOT
competition,BEL-0002,oddspapi,9,VERIFIED_PROVIDER_SNAPSHOT
competition,GRC-0001,oddspapi,185,VERIFIED_PROVIDER_SNAPSHOT
competition,GRC-0002,oddspapi,186,VERIFIED_PROVIDER_SNAPSHOT
competition,AUT-0001,oddspapi,45,VERIFIED_PROVIDER_SNAPSHOT
competition,AUT-0002,oddspapi,135,VERIFIED_PROVIDER_SNAPSHOT
competition,NOR-0001,oddspapi,20,VERIFIED_PROVIDER_SNAPSHOT
competition,NOR-0002,oddspapi,22,VERIFIED_PROVIDER_SNAPSHOT
competition,DNK-0001,oddspapi,39,VERIFIED_PROVIDER_SNAPSHOT
competition,DNK-0002,oddspapi,47,VERIFIED_PROVIDER_SNAPSHOT
competition,CHE-0001,oddspapi,215,VERIFIED_PROVIDER_SNAPSHOT
competition,CHE-0002,oddspapi,216,VERIFIED_PROVIDER_SNAPSHOT
competition,SCO-0001,oddspapi,36,VERIFIED_PROVIDER_SNAPSHOT
competition,SCO-0002,oddspapi,206,VERIFIED_PROVIDER_SNAPSHOT
competition,POL-0001,oddspapi,202,VERIFIED_PROVIDER_SNAPSHOT
competition,SWE-0001,oddspapi,40,VERIFIED_PROVIDER_SNAPSHOT
competition,SWE-0002,oddspapi,46,VERIFIED_PROVIDER_SNAPSHOT
competition,ROU-0001,oddspapi,152,VERIFIED_PROVIDER_SNAPSHOT
competition,ROU-0002,oddspapi,562,VERIFIED_PROVIDER_SNAPSHOT
competition,INT-0001,oddspapi,7,VERIFIED_PROVIDER_SNAPSHOT
competition,INT-0002,oddspapi,679,VERIFIED_PROVIDER_SNAPSHOT
competition,INT-0004,oddspapi,34480,VERIFIED_PROVIDER_SNAPSHOT
