team_id,country_id,canonical_name
ENG-LFC,ENG,Liverpool FC
ENG-MCI,ENG,Manchester City
ENG-MUN,ENG,Manchester United
ENG-ARS,ENG,Arsenal FC
ENG-CFC,ENG,Chelsea FC
ENG-TOT,ENG,Tottenham Hotspur
ENG-EVE,ENG,Everton FC
ENG-NEW,ENG,Newcastle United
ESP-RMA,ESP,Real Madrid
ESP-FCB,ESP,FC Barcelona
ESP-ATM,ESP,Atletico Madrid
ITA-INT,ITA,Inter Milan
ITA-MIL,ITA,AC Milan
ITA-JUV,ITA,Juventus
DEU-BAY,DEU,Bayern Munich
DEU-BVB,DEU,Borussia Dortmund
FRA-PSG,FRA,Paris Saint-Germain
FRA-OM,FRA,Olympique Marseille
NLD-AJA,NLD,Ajax
NLD-PSV,NLD,PSV Eindhoven
PRT-BEN,PRT,Benfica
PRT-POR,PRT,FC Porto
