legacy_team_id,canonical_club_id,alias_status
FRA-OM,FRA-OLY,ACTIVE_ALIAS
ENG-0001,ENG-BOU,ACTIVE_ALIAS
ENG-0002,ENG-WIM,ACTIVE_ALIAS
ENG-0003,ENG-ACC,ACTIVE_ALIAS
ENG-0004,ENG-ALD,ACTIVE_ALIAS
ENG-0005,ENG-ALT,ACTIVE_ALIAS
ENG-0006,ENG-AST,ACTIVE_ALIAS
ENG-0007,ENG-BAR,ACTIVE_ALIAS
ENG-0008,ENG-BAA,ACTIVE_ALIAS
ENG-0009,ENG-BAB,ACTIVE_ALIAS
ENG-0010,ENG-BIR,ACTIVE_ALIAS
ENG-0011,ENG-BLA,ACTIVE_ALIAS
ENG-0012,ENG-BAC,ACTIVE_ALIAS
ENG-0013,ENG-BOL,ACTIVE_ALIAS
ENG-0014,ENG-BOR,ACTIVE_ALIAS
ENG-0015,ENG-BOS,ACTIVE_ALIAS
ENG-0016,ENG-BRA,ACTIVE_ALIAS
ENG-0017,ENG-BRE,ACTIVE_ALIAS
ENG-0018,ENG-BRI,ACTIVE_ALIAS
ENG-0019,ENG-BAD,ACTIVE_ALIAS
ENG-0020,ENG-BRR,ACTIVE_ALIAS
ENG-0021,ENG-BRO,ACTIVE_ALIAS
ENG-0022,ENG-BUR,ACTIVE_ALIAS
ENG-0023,ENG-BUA,ACTIVE_ALIAS
ENG-0024,ENG-CAM,ACTIVE_ALIAS
ENG-0025,ENG-CAR,ACTIVE_ALIAS
ENG-0026,ENG-CAA,ACTIVE_ALIAS
ENG-0027,ENG-CHA,ACTIVE_ALIAS
ENG-0028,ENG-CHE,ACTIVE_ALIAS
ENG-0029,ENG-CAB,ACTIVE_ALIAS
ENG-0030,ENG-COL,ACTIVE_ALIAS
ENG-0031,ENG-COV,ACTIVE_ALIAS
ENG-0032,ENG-CRA,ACTIVE_ALIAS
ENG-0033,ENG-CRE,ACTIVE_ALIAS
ENG-0034,ENG-CRY,ACTIVE_ALIAS
ENG-0035,ENG-DER,ACTIVE_ALIAS
ENG-0036,ENG-DON,ACTIVE_ALIAS
ENG-0037,ENG-EAS,ACTIVE_ALIAS
ENG-0038,ENG-EXE,ACTIVE_ALIAS
ENG-0039,ENG-FLE,ACTIVE_ALIAS
ENG-0040,ENG-FOR,ACTIVE_ALIAS
ENG-0041,ENG-FUL,ACTIVE_ALIAS
ENG-0042,ENG-GAT,ACTIVE_ALIAS
ENG-0043,ENG-GIL,ACTIVE_ALIAS
ENG-0044,ENG-GRI,ACTIVE_ALIAS
ENG-0045,ENG-HAL,ACTIVE_ALIAS
ENG-0046,ENG-HAR,ACTIVE_ALIAS
ENG-0047,ENG-HAA,ACTIVE_ALIAS
ENG-0048,ENG-HUD,ACTIVE_ALIAS
ENG-0049,ENG-HUL,ACTIVE_ALIAS
ENG-0050,ENG-IPS,ACTIVE_ALIAS
ENG-0051,ENG-LEE,ACTIVE_ALIAS
ENG-0052,ENG-LEI,ACTIVE_ALIAS
ENG-0053,ENG-LEY,ACTIVE_ALIAS
ENG-0054,ENG-LIN,ACTIVE_ALIAS
ENG-0055,ENG-LUT,ACTIVE_ALIAS
ENG-0056,ENG-MAC,ACTIVE_ALIAS
ENG-0057,ENG-MAI,ACTIVE_ALIAS
ENG-0058,ENG-MAN,ACTIVE_ALIAS
ENG-0059,ENG-MID,ACTIVE_ALIAS
ENG-0060,ENG-MIL,ACTIVE_ALIAS
ENG-0061,ENG-MKD,ACTIVE_ALIAS
ENG-0062,ENG-MOR,ACTIVE_ALIAS
ENG-0063,ENG-NEC,ACTIVE_ALIAS
ENG-0064,ENG-NOR,ACTIVE_ALIAS
ENG-0065,ENG-NAA,ACTIVE_ALIAS
ENG-0066,ENG-NOT,ACTIVE_ALIAS
ENG-0067,ENG-NOC,ACTIVE_ALIAS
ENG-0068,ENG-OLD,ACTIVE_ALIAS
ENG-0069,ENG-OXF,ACTIVE_ALIAS
ENG-0070,ENG-PET,ACTIVE_ALIAS
ENG-0071,ENG-PLY,ACTIVE_ALIAS
ENG-0072,ENG-POR,ACTIVE_ALIAS
ENG-0073,ENG-PAA,ACTIVE_ALIAS
ENG-0074,ENG-PRE,ACTIVE_ALIAS
ENG-0075,ENG-QUE,ACTIVE_ALIAS
ENG-0076,ENG-REA,ACTIVE_ALIAS
ENG-0077,ENG-ROC,ACTIVE_ALIAS
ENG-0078,ENG-ROT,ACTIVE_ALIAS
ENG-0079,ENG-SAL,ACTIVE_ALIAS
ENG-0080,ENG-SCU,ACTIVE_ALIAS
ENG-0081,ENG-SHE,ACTIVE_ALIAS
ENG-0082,ENG-SHW,ACTIVE_ALIAS
ENG-0083,ENG-SHR,ACTIVE_ALIAS
ENG-0084,ENG-SOL,ACTIVE_ALIAS
ENG-0085,ENG-SOU,ACTIVE_ALIAS
ENG-0086,ENG-SAA,ACTIVE_ALIAS
ENG-0087,ENG-STE,ACTIVE_ALIAS
ENG-0088,ENG-STO,ACTIVE_ALIAS
ENG-0089,ENG-SAB,ACTIVE_ALIAS
ENG-0090,ENG-SUN,ACTIVE_ALIAS
ENG-0091,ENG-SUT,ACTIVE_ALIAS
ENG-0092,ENG-SWA,ACTIVE_ALIAS
ENG-0093,ENG-SWI,ACTIVE_ALIAS
ENG-0094,ENG-TRA,ACTIVE_ALIAS
ENG-0095,ENG-WAL,ACTIVE_ALIAS
ENG-0096,ENG-WAT,ACTIVE_ALIAS
ENG-0097,ENG-WES,ACTIVE_ALIAS
ENG-0098,ENG-WEH,ACTIVE_ALIAS
ENG-0099,ENG-WIG,ACTIVE_ALIAS
ENG-0100,ENG-WAA,ACTIVE_ALIAS
ENG-0101,ENG-WOK,ACTIVE_ALIAS
ENG-0102,ENG-WOL,ACTIVE_ALIAS
ENG-0103,ENG-WRE,ACTIVE_ALIAS
ENG-0104,ENG-WYC,ACTIVE_ALIAS
ENG-0105,ENG-YEO,ACTIVE_ALIAS
ENG-0106,ENG-YOR,ACTIVE_ALIAS
ENG-0107,ENG-FYL,ACTIVE_ALIAS
ENG-0108,ENG-TEL,ACTIVE_ALIAS
ENG-0109,ENG-BAT,ACTIVE_ALIAS
ENG-0110,ENG-BED,ACTIVE_ALIAS
ENG-0111,ENG-BIS,ACTIVE_ALIAS
ENG-0112,ENG-BAE,ACTIVE_ALIAS
ENG-0113,ENG-BUX,ACTIVE_ALIAS
ENG-0114,ENG-CAC,ACTIVE_ALIAS
ENG-0115,ENG-CHI,ACTIVE_ALIAS
ENG-0116,ENG-CHO,ACTIVE_ALIAS
ENG-0117,ENG-DAR,ACTIVE_ALIAS
ENG-0118,ENG-DOR,ACTIVE_ALIAS
ENG-0119,ENG-DOV,ACTIVE_ALIAS
ENG-0120,ENG-ENF,ACTIVE_ALIAS
ENG-0121,ENG-FAR,ACTIVE_ALIAS
ENG-0122,ENG-GLO,ACTIVE_ALIAS
ENG-0123,ENG-HAM,ACTIVE_ALIAS
ENG-0124,ENG-HEM,ACTIVE_ALIAS
ENG-0125,ENG-HER,ACTIVE_ALIAS
ENG-0126,ENG-HOR,ACTIVE_ALIAS
ENG-0127,ENG-HAB,ACTIVE_ALIAS
ENG-0128,ENG-KIN,ACTIVE_ALIAS
ENG-0129,ENG-KID,ACTIVE_ALIAS
ENG-0130,ENG-MAA,ACTIVE_ALIAS
ENG-0131,ENG-OAA,ACTIVE_ALIAS
ENG-0132,ENG-SAC,ACTIVE_ALIAS
ENG-0133,ENG-SCA,ACTIVE_ALIAS
ENG-0134,ENG-SLO,ACTIVE_ALIAS
ENG-0135,ENG-SOS,ACTIVE_ALIAS
ENG-0136,ENG-SAD,ACTIVE_ALIAS
ENG-0137,ENG-SPE,ACTIVE_ALIAS
ENG-0138,ENG-STA,ACTIVE_ALIAS
ENG-0139,ENG-TON,ACTIVE_ALIAS
ENG-0140,ENG-TOR,ACTIVE_ALIAS
ENG-0141,ENG-TRU,ACTIVE_ALIAS
ENG-0142,ENG-WSM,ACTIVE_ALIAS
ENG-0143,ENG-WEY,ACTIVE_ALIAS
ENG-0144,ENG-WOR,ACTIVE_ALIAS
DEU-M05,DEU-MAI,ACTIVE_ALIAS
CHE-YB,CHE-BSC,ACTIVE_ALIAS
LUX-F91,LUX-FAA,ACTIVE_ALIAS
FRO-B36,FRO-BAA,ACTIVE_ALIAS
GIB-M62,GIB-FCB,ACTIVE_ALIAS
BGR-C48,BGR-CSS,ACTIVE_ALIAS
