country_id,country_name,tier,division_levels,domestic_cup,notes
ENG,England,ENG,1|2|3|4|5|6,YES,
ITA,Italy,TOP,1|2|3,YES,
ESP,Spain,TOP,1|2|3,YES,
DEU,Germany,TOP,1|2|3,YES,
FRA,France,TOP,1|2|3,YES,
NLD,Netherlands,TOP,1|2|3,YES,
PRT,Portugal,TOP,1|2|3,YES,
BEL,Belgium,MID,1|2,YES,
TUR,Turkey,MID,1|2,YES,
CZE,Czechia,MID,1|2,YES,
GRC,Greece,MID,1|2,YES,
NOR,Norway,MID,1|2,YES,
POL,Poland,MID,1|2,YES,
DNK,Denmark,MID,1|2,YES,
SCO,Scotland,MID,1|2,YES,
CHE,Switzerland,MID,1|2,YES,
AUT,Austria,MID,1|2,YES,
SWE,Sweden,MID,1|2,YES,
HRV,Croatia,MID,1|2,YES,
SRB,Serbia,MID,1|2,YES,
UKR,Ukraine,MID,1|2,YES,
CYP,Cyprus,MID,1|2,YES,
ISR,Israel,MID,1|2,YES,
HUN,Hungary,MID,1|2,YES,
ROU,Romania,MID,1|2,YES,
SVK,Slovakia,MID,1|2,YES,
SVN,Slovenia,MID,1|2,YES,
BGR,Bulgaria,MID,1|2,YES,
AZE,Azerbaijan,MID,1|2,YES,
IRL,Ireland,MID,1|2,YES,
FIN,Finland,MID,1|2,YES,
ISL,Iceland,BASE,1,NO,LOW_TIER_TOP_DIVISION_ONLY_NO_CUP
BIH,Bosnia and Herzegovina,BASE,1,NO,LOW_TIER_TOP_DIVISION_ONLY_NO_CUP
KAZ,Kazakhstan,BASE,1,NO,LOW_TIER_TOP_DIVISION_ONLY_NO_CUP
MDA,Moldova,BASE,1,NO,LOW_TIER_TOP_DIVISION_ONLY_NO_CUP
KOS,Kosovo,BASE,1,NO,LOW_TIER_TOP_DIVISION_ONLY_NO_CUP
ARM,Armenia,BASE,1,NO,LOW_TIER_TOP_DIVISION_ONLY_NO_CUP
GEO,Georgia,BASE,1,NO,LOW_TIER_TOP_DIVISION_ONLY_NO_CUP
LVA,Latvia,BASE,1,NO,LOW_TIER_TOP_DIVISION_ONLY_NO_CUP
LTU,Lithuania,BASE,1,NO,LOW_TIER_TOP_DIVISION_ONLY_NO_CUP
EST,Estonia,BASE,1,NO,LOW_TIER_TOP_DIVISION_ONLY_NO_CUP
ALB,Albania,BASE,1,NO,LOW_TIER_TOP_DIVISION_ONLY_NO_CUP
MNE,Montenegro,BASE,1,NO,LOW_TIER_TOP_DIVISION_ONLY_NO_CUP
MKD,North Macedonia,BASE,1,NO,LOW_TIER_TOP_DIVISION_ONLY_NO_CUP
BLR,Belarus,BASE,1,NO,LOW_TIER_TOP_DIVISION_ONLY_NO_CUP
MLT,Malta,BASE,1,NO,LOW_TIER_TOP_DIVISION_ONLY_NO_CUP
NIR,Northern Ireland,BASE,1,NO,LOW_TIER_TOP_DIVISION_ONLY_NO_CUP
WAL,Wales,BASE,1,NO,LOW_TIER_TOP_DIVISION_ONLY_NO_CUP
LUX,Luxembourg,BASE,1,NO,LOW_TIER_TOP_DIVISION_ONLY_NO_CUP
FRO,Faroe Islands,BASE,1,NO,LOW_TIER_TOP_DIVISION_ONLY_NO_CUP
GIB,Gibraltar,BASE,1,NO,LOW_TIER_TOP_DIVISION_ONLY_NO_CUP
AND,Andorra,BASE,1,NO,LOW_TIER_TOP_DIVISION_ONLY_NO_CUP
SMR,San Marino,BASE,1,NO,LOW_TIER_TOP_DIVISION_ONLY_NO_CUP
LIE,Liechtenstein,BASE,1,NO,NO_DOMESTIC_LEAGUE_CLUBS_PLAY_SWISS_SYSTEM|LOW_TIER_TOP_DIVISION_ONLY_NO_CUP
RUS,Russia,BASE,1,NO,UEFA_CLUB_SUSPENSION|LOW_TIER_TOP_DIVISION_ONLY_NO_CUP
