club_id,country_id,canonical_name,season_membership_status
ENG-LFC,ENG,Liverpool FC,UNVERIFIED
ENG-MCI,ENG,Manchester City,UNVERIFIED
ENG-MUN,ENG,Manchester United,UNVERIFIED
ENG-ARS,ENG,Arsenal FC,UNVERIFIED
ENG-CFC,ENG,Chelsea FC,UNVERIFIED
ENG-TOT,ENG,Tottenham Hotspur,UNVERIFIED
ENG-EVE,ENG,Everton FC,UNVERIFIED
ENG-NEW,ENG,Newcastle United,UNVERIFIED
ESP-RMA,ESP,Real Madrid,UNVERIFIED
ESP-FCB,ESP,FC Barcelona,UNVERIFIED
ESP-ATM,ESP,Atletico Madrid,UNVERIFIED
ITA-INT,ITA,Inter Milan,UNVERIFIED
ITA-MIL,ITA,AC Milan,UNVERIFIED
ITA-JUV,ITA,Juventus,UNVERIFIED
DEU-BAY,DEU,Bayern Munich,UNVERIFIED
DEU-BVB,DEU,Borussia Dortmund,UNVERIFIED
FRA-PSG,FRA,Paris Saint-Germain,UNVERIFIED
FRA-OLY,FRA,Olympique Marseille,UNVERIFIED
NLD-AJA,NLD,Ajax,UNVERIFIED
NLD-PSV,NLD,PSV Eindhoven,UNVERIFIED
PRT-BEN,PRT,Benfica,UNVERIFIED
PRT-POR,PRT,FC Porto,UNVERIFIED
ENG-BOU,ENG,AFC Bournemouth,UNVERIFIED
ENG-WIM,ENG,AFC Wimbledon,UNVERIFIED
ENG-ACC,ENG,Accrington Stanley,UNVERIFIED
ENG-ALD,ENG,Aldershot Town,UNVERIFIED
ENG-ALT,ENG,Altrincham,UNVERIFIED
ENG-AST,ENG,Aston Villa,UNVERIFIED
ENG-BAR,ENG,Barnet,UNVERIFIED
ENG-BAA,ENG,Barnsley,UNVERIFIED
ENG-BAB,ENG,Barrow,UNVERIFIED
ENG-BIR,ENG,Birmingham City,UNVERIFIED
ENG-BLA,ENG,Blackburn Rovers,UNVERIFIED
ENG-BAC,ENG,Blackpool,UNVERIFIED
ENG-BOL,ENG,Bolton Wanderers,UNVERIFIED
ENG-BOR,ENG,Boreham Wood,UNVERIFIED
ENG-BOS,ENG,Boston United,UNVERIFIED
ENG-BRA,ENG,Bradford City,UNVERIFIED
ENG-BRE,ENG,Brentford FC,UNVERIFIED
ENG-BRI,ENG,Brighton & Hove Albion,UNVERIFIED
ENG-BAD,ENG,Bristol City,UNVERIFIED
ENG-BRR,ENG,Bristol Rovers,UNVERIFIED
ENG-BRO,ENG,Bromley,UNVERIFIED
ENG-BUR,ENG,Burnley,UNVERIFIED
ENG-BUA,ENG,Burton Albion,UNVERIFIED
ENG-CAM,ENG,Cambridge United,UNVERIFIED
ENG-CAR,ENG,Cardiff City,UNVERIFIED
ENG-CAA,ENG,Carlisle United,UNVERIFIED
ENG-CHA,ENG,Charlton Athletic,UNVERIFIED
ENG-CHE,ENG,Cheltenham Town,UNVERIFIED
ENG-CAB,ENG,Chesterfield,UNVERIFIED
ENG-COL,ENG,Colchester United,UNVERIFIED
ENG-COV,ENG,Coventry City,UNVERIFIED
ENG-CRA,ENG,Crawley Town,UNVERIFIED
ENG-CRE,ENG,Crewe Alexandra,UNVERIFIED
ENG-CRY,ENG,Crystal Palace,UNVERIFIED
ENG-DER,ENG,Derby County,UNVERIFIED
ENG-DON,ENG,Doncaster Rovers,UNVERIFIED
ENG-EAS,ENG,Eastleigh,UNVERIFIED
ENG-EXE,ENG,Exeter City,UNVERIFIED
ENG-FLE,ENG,Fleetwood Town,UNVERIFIED
ENG-FOR,ENG,Forest Green Rovers,UNVERIFIED
ENG-FUL,ENG,Fulham FC,UNVERIFIED
ENG-GAT,ENG,Gateshead,UNVERIFIED
ENG-GIL,ENG,Gillingham,UNVERIFIED
ENG-GRI,ENG,Grimsby Town,UNVERIFIED
ENG-HAL,ENG,Halifax Town,UNVERIFIED
ENG-HAR,ENG,Harrogate Town,UNVERIFIED
ENG-HAA,ENG,Hartlepool United,UNVERIFIED
ENG-HUD,ENG,Huddersfield Town,UNVERIFIED
ENG-HUL,ENG,Hull City,UNVERIFIED
ENG-IPS,ENG,Ipswich Town,UNVERIFIED
ENG-LEE,ENG,Leeds United,UNVERIFIED
ENG-LEI,ENG,Leicester City,UNVERIFIED
ENG-LEY,ENG,Leyton Orient,UNVERIFIED
ENG-LIN,ENG,Lincoln City,UNVERIFIED
ENG-LUT,ENG,Luton Town,UNVERIFIED
ENG-MAC,ENG,Macclesfield,UNVERIFIED
ENG-MAI,ENG,Maidstone United,UNVERIFIED
ENG-MAN,ENG,Mansfield Town,UNVERIFIED
ENG-MID,ENG,Middlesbrough,UNVERIFIED
ENG-MIL,ENG,Millwall,UNVERIFIED
ENG-MKD,ENG,Milton Keynes Dons,UNVERIFIED
ENG-MOR,ENG,Morecambe,UNVERIFIED
ENG-NEC,ENG,Newport County,UNVERIFIED
ENG-NOR,ENG,Northampton Town,UNVERIFIED
ENG-NAA,ENG,Norwich City,UNVERIFIED
ENG-NOT,ENG,Nottingham Forest,UNVERIFIED
ENG-NOC,ENG,Notts County,UNVERIFIED
ENG-OLD,ENG,Oldham Athletic,UNVERIFIED
ENG-OXF,ENG,Oxford United,UNVERIFIED
ENG-PET,ENG,Peterborough United,UNVERIFIED
ENG-PLY,ENG,Plymouth Argyle,UNVERIFIED
ENG-POR,ENG,Port Vale,UNVERIFIED
ENG-PAA,ENG,Portsmouth,UNVERIFIED
ENG-PRE,ENG,Preston North End,UNVERIFIED
ENG-QUE,ENG,Queens Park Rangers,UNVERIFIED
ENG-REA,ENG,Reading,UNVERIFIED
ENG-ROC,ENG,Rochdale,UNVERIFIED
ENG-ROT,ENG,Rotherham United,UNVERIFIED
ENG-SAL,ENG,Salford City,UNVERIFIED
ENG-SCU,ENG,Scunthorpe United,UNVERIFIED
ENG-SHE,ENG,Sheffield United,UNVERIFIED
ENG-SHW,ENG,Sheffield Wednesday,UNVERIFIED
ENG-SHR,ENG,Shrewsbury Town,UNVERIFIED
ENG-SOL,ENG,Solihull Moors,UNVERIFIED
ENG-SOU,ENG,Southampton,UNVERIFIED
ENG-SAA,ENG,Southend United,UNVERIFIED
ENG-STE,ENG,Stevenage,UNVERIFIED
ENG-STO,ENG,Stockport County,UNVERIFIED
ENG-SAB,ENG,Stoke City,UNVERIFIED
ENG-SUN,ENG,Sunderland,UNVERIFIED
ENG-SUT,ENG,Sutton United,UNVERIFIED
ENG-SWA,ENG,Swansea City,UNVERIFIED
ENG-SWI,ENG,Swindon Town,UNVERIFIED
ENG-TRA,ENG,Tranmere Rovers,UNVERIFIED
ENG-WAL,ENG,Walsall,UNVERIFIED
ENG-WAT,ENG,Watford,UNVERIFIED
ENG-WES,ENG,West Bromwich Albion,UNVERIFIED
ENG-WEH,ENG,West Ham United,UNVERIFIED
ENG-WIG,ENG,Wigan Athletic,UNVERIFIED
ENG-WAA,ENG,Wimbledon FC,UNVERIFIED
ENG-WOK,ENG,Woking,UNVERIFIED
ENG-WOL,ENG,Wolverhampton Wanderers,UNVERIFIED
ENG-WRE,ENG,Wrexham,UNVERIFIED
ENG-WYC,ENG,Wycombe Wanderers,UNVERIFIED
ENG-YEO,ENG,Yeovil Town,UNVERIFIED
ENG-YOR,ENG,York City,UNVERIFIED
ENG-FYL,ENG,AFC Fylde,UNVERIFIED
ENG-TEL,ENG,AFC Telford United,UNVERIFIED
ENG-BAT,ENG,Bath City,UNVERIFIED
ENG-BED,ENG,Bedford Town,UNVERIFIED
ENG-BIS,ENG,Bishop's Stortford,UNVERIFIED
ENG-BAE,ENG,Brackley Town,UNVERIFIED
ENG-BUX,ENG,Buxton,UNVERIFIED
ENG-CAC,ENG,Chester FC,UNVERIFIED
ENG-CHI,ENG,Chippenham Town,UNVERIFIED
ENG-CHO,ENG,Chorley,UNVERIFIED
ENG-DAR,ENG,Darlington,UNVERIFIED
ENG-DOR,ENG,Dorking Wanderers,UNVERIFIED
ENG-DOV,ENG,Dover Athletic,UNVERIFIED
ENG-ENF,ENG,Enfield Town,UNVERIFIED
ENG-FAR,ENG,Farnborough,UNVERIFIED
ENG-GLO,ENG,Gloucester City,UNVERIFIED
ENG-HAM,ENG,Hampton & Richmond Borough,UNVERIFIED
ENG-HEM,ENG,Hemel Hempstead Town,UNVERIFIED
ENG-HER,ENG,Hereford FC,UNVERIFIED
ENG-HOR,ENG,Hornchurch,UNVERIFIED
ENG-HAB,ENG,Horsham,UNVERIFIED
ENG-KIN,ENG,King's Lynn Town,UNVERIFIED
ENG-KID,ENG,Kidderminster Harriers,UNVERIFIED
ENG-MAA,ENG,Maidenhead United,UNVERIFIED
ENG-OAA,ENG,Oxford City,UNVERIFIED
ENG-SAC,ENG,Salisbury FC,UNVERIFIED
ENG-SCA,ENG,Scarborough Athletic,UNVERIFIED
ENG-SLO,ENG,Slough Town,UNVERIFIED
ENG-SOS,ENG,South Shields,UNVERIFIED
ENG-SAD,ENG,Southport,UNVERIFIED
ENG-SPE,ENG,Spennymoor Town,UNVERIFIED
ENG-STA,ENG,St Albans City,UNVERIFIED
ENG-TON,ENG,Tonbridge Angels,UNVERIFIED
ENG-TOR,ENG,Torquay United,UNVERIFIED
ENG-TRU,ENG,Truro City,UNVERIFIED
ENG-WSM,ENG,Weston-super-Mare,UNVERIFIED
ENG-WEY,ENG,Weymouth,UNVERIFIED
ENG-WOR,ENG,Worthing,UNVERIFIED
SCO-CEL,SCO,Celtic FC,UNVERIFIED
SCO-RAN,SCO,Rangers FC,UNVERIFIED
SCO-HEA,SCO,Heart of Midlothian FC,UNVERIFIED
SCO-HIB,SCO,Hibernian FC,UNVERIFIED
SCO-ABE,SCO,Aberdeen FC,UNVERIFIED
SCO-DUN,SCO,Dundee FC,UNVERIFIED
SCO-DUU,SCO,Dundee United FC,UNVERIFIED
SCO-MOT,SCO,Motherwell FC,UNVERIFIED
SCO-KIL,SCO,Kilmarnock FC,UNVERIFIED
SCO-STM,SCO,St Mirren FC,UNVERIFIED
SCO-LIV,SCO,Livingston FC,UNVERIFIED
SCO-FAL,SCO,Falkirk FC,UNVERIFIED
ESP-ATH,ESP,Athletic Club,UNVERIFIED
ESP-RSO,ESP,Real Sociedad,UNVERIFIED
ESP-VIL,ESP,Villarreal CF,UNVERIFIED
ESP-BET,ESP,Real Betis,UNVERIFIED
ESP-SEV,ESP,Sevilla FC,UNVERIFIED
ESP-VAL,ESP,Valencia CF,UNVERIFIED
ESP-OSA,ESP,CA Osasuna,UNVERIFIED
ESP-CEL,ESP,RC Celta de Vigo,UNVERIFIED
ESP-GIR,ESP,Girona FC,UNVERIFIED
ESP-GET,ESP,Getafe CF,UNVERIFIED
ESP-ALA,ESP,Deportivo Alaves,UNVERIFIED
ESP-ESP,ESP,RCD Espanyol,UNVERIFIED
ESP-RAY,ESP,Rayo Vallecano,UNVERIFIED
ESP-MAL,ESP,RCD Mallorca,UNVERIFIED
ESP-LEV,ESP,Levante UD,UNVERIFIED
ESP-ELC,ESP,Elche CF,UNVERIFIED
ESP-OVI,ESP,Real Oviedo,UNVERIFIED
ITA-NAP,ITA,SSC Napoli,UNVERIFIED
ITA-ROM,ITA,AS Roma,UNVERIFIED
ITA-LAZ,ITA,SS Lazio,UNVERIFIED
ITA-ATA,ITA,Atalanta BC,UNVERIFIED
ITA-FIO,ITA,ACF Fiorentina,UNVERIFIED
ITA-BOL,ITA,Bologna FC,UNVERIFIED
ITA-TOR,ITA,Torino FC,UNVERIFIED
ITA-GEN,ITA,Genoa CFC,UNVERIFIED
ITA-UDI,ITA,Udinese Calcio,UNVERIFIED
ITA-COM,ITA,Como 1907,UNVERIFIED
ITA-PAR,ITA,Parma Calcio,UNVERIFIED
ITA-LEC,ITA,US Lecce,UNVERIFIED
ITA-CAG,ITA,Cagliari Calcio,UNVERIFIED
ITA-SAS,ITA,US Sassuolo,UNVERIFIED
ITA-VER,ITA,Hellas Verona,UNVERIFIED
ITA-PIS,ITA,Pisa SC,UNVERIFIED
ITA-CRE,ITA,US Cremonese,UNVERIFIED
DEU-LEV,DEU,Bayer 04 Leverkusen,UNVERIFIED
DEU-RBL,DEU,RB Leipzig,UNVERIFIED
DEU-SGE,DEU,Eintracht Frankfurt,UNVERIFIED
DEU-VFB,DEU,VfB Stuttgart,UNVERIFIED
DEU-SCF,DEU,SC Freiburg,UNVERIFIED
DEU-WOB,DEU,VfL Wolfsburg,UNVERIFIED
DEU-BMG,DEU,Borussia Monchengladbach,UNVERIFIED
DEU-FCU,DEU,Union Berlin,UNVERIFIED
DEU-MAI,DEU,Mainz 05,UNVERIFIED
DEU-SVW,DEU,Werder Bremen,UNVERIFIED
DEU-TSG,DEU,TSG Hoffenheim,UNVERIFIED
DEU-FCA,DEU,FC Augsburg,UNVERIFIED
DEU-HSV,DEU,Hamburger SV,UNVERIFIED
DEU-KOE,DEU,FC Koln,UNVERIFIED
DEU-STP,DEU,FC St Pauli,UNVERIFIED
DEU-HDH,DEU,1 FC Heidenheim,UNVERIFIED
FRA-LYO,FRA,Olympique Lyonnais,UNVERIFIED
FRA-MON,FRA,AS Monaco,UNVERIFIED
FRA-LIL,FRA,LOSC Lille,UNVERIFIED
FRA-REN,FRA,Stade Rennais,UNVERIFIED
FRA-NIC,FRA,OGC Nice,UNVERIFIED
NLD-FEY,NLD,Feyenoord,UNVERIFIED
NLD-AZA,NLD,AZ Alkmaar,UNVERIFIED
NLD-TWE,NLD,FC Twente,UNVERIFIED
NLD-UTR,NLD,FC Utrecht,UNVERIFIED
PRT-SCP,PRT,Sporting CP,UNVERIFIED
PRT-BRA,PRT,SC Braga,UNVERIFIED
PRT-VSC,PRT,Vitoria SC,UNVERIFIED
BEL-BRU,BEL,Club Brugge,UNVERIFIED
BEL-AND,BEL,RSC Anderlecht,UNVERIFIED
BEL-GEN,BEL,KRC Genk,UNVERIFIED
BEL-GNT,BEL,KAA Gent,UNVERIFIED
BEL-USG,BEL,Union Saint-Gilloise,UNVERIFIED
TUR-GAL,TUR,Galatasaray,UNVERIFIED
TUR-FEN,TUR,Fenerbahce,UNVERIFIED
TUR-BES,TUR,Besiktas,UNVERIFIED
TUR-TRA,TUR,Trabzonspor,UNVERIFIED
CZE-SPA,CZE,Sparta Prague,UNVERIFIED
CZE-SLA,CZE,Slavia Prague,UNVERIFIED
CZE-PLZ,CZE,Viktoria Plzen,UNVERIFIED
CZE-BAN,CZE,Banik Ostrava,UNVERIFIED
GRC-OLY,GRC,Olympiacos,UNVERIFIED
GRC-PAO,GRC,Panathinaikos,UNVERIFIED
GRC-AEK,GRC,AEK Athens,UNVERIFIED
GRC-PAK,GRC,PAOK Thessaloniki,UNVERIFIED
NOR-BOD,NOR,Bodo Glimt,UNVERIFIED
NOR-MOL,NOR,Molde FK,UNVERIFIED
NOR-RBK,NOR,Rosenborg BK,UNVERIFIED
NOR-VIK,NOR,Viking FK,UNVERIFIED
POL-LEG,POL,Legia Warsaw,UNVERIFIED
POL-LEC,POL,Lech Poznan,UNVERIFIED
POL-JAG,POL,Jagiellonia Bialystok,UNVERIFIED
POL-RAK,POL,Rakow Czestochowa,UNVERIFIED
DNK-FCK,DNK,FC Copenhagen,UNVERIFIED
DNK-FCM,DNK,FC Midtjylland,UNVERIFIED
DNK-BIF,DNK,Brondby IF,UNVERIFIED
DNK-AGF,DNK,AGF Aarhus,UNVERIFIED
CHE-BSC,CHE,BSC Young Boys,UNVERIFIED
CHE-BAS,CHE,FC Basel,UNVERIFIED
CHE-LUG,CHE,FC Lugano,UNVERIFIED
CHE-SER,CHE,Servette FC,UNVERIFIED
AUT-RBS,AUT,Red Bull Salzburg,UNVERIFIED
AUT-STU,AUT,Sturm Graz,UNVERIFIED
AUT-RAP,AUT,Rapid Vienna,UNVERIFIED
AUT-FAK,AUT,Austria Vienna,UNVERIFIED
SWE-MFF,SWE,Malmo FF,UNVERIFIED
SWE-DIF,SWE,Djurgardens IF,UNVERIFIED
SWE-HAC,SWE,BK Hacken,UNVERIFIED
SWE-AIK,SWE,AIK Stockholm,UNVERIFIED
HRV-DIN,HRV,Dinamo Zagreb,UNVERIFIED
HRV-HAJ,HRV,Hajduk Split,UNVERIFIED
HRV-RIJ,HRV,HNK Rijeka,UNVERIFIED
HRV-OSI,HRV,NK Osijek,UNVERIFIED
SRB-CZV,SRB,Red Star Belgrade,UNVERIFIED
SRB-PAR,SRB,Partizan Belgrade,UNVERIFIED
SRB-TSC,SRB,TSC Backa Topola,UNVERIFIED
SRB-VOJ,SRB,Vojvodina,UNVERIFIED
UKR-SHK,UKR,Shakhtar Donetsk,UNVERIFIED
UKR-DYN,UKR,Dynamo Kyiv,UNVERIFIED
UKR-POL,UKR,Polissya Zhytomyr,UNVERIFIED
UKR-ZOR,UKR,Zorya Luhansk,UNVERIFIED
CYP-APO,CYP,APOEL Nicosia,UNVERIFIED
CYP-OMO,CYP,Omonia Nicosia,UNVERIFIED
CYP-PAF,CYP,Pafos FC,UNVERIFIED
CYP-ARI,CYP,Aris Limassol,UNVERIFIED
ISR-MTA,ISR,Maccabi Tel Aviv,UNVERIFIED
ISR-MHA,ISR,Maccabi Haifa,UNVERIFIED
ISR-HBS,ISR,Hapoel Be'er Sheva,UNVERIFIED
ISR-BJL,ISR,Beitar Jerusalem,UNVERIFIED
HUN-FTC,HUN,Ferencvaros,UNVERIFIED
HUN-PAK,HUN,Paksi FC,UNVERIFIED
HUN-PUS,HUN,Puskas Akademia,UNVERIFIED
HUN-UJP,HUN,Ujpest FC,UNVERIFIED
ROU-FCS,ROU,FCSB,UNVERIFIED
ROU-CFR,ROU,CFR Cluj,UNVERIFIED
ROU-UCV,ROU,Universitatea Craiova,UNVERIFIED
ROU-RAP,ROU,Rapid Bucuresti,UNVERIFIED
SVK-SLO,SVK,Slovan Bratislava,UNVERIFIED
SVK-TRN,SVK,Spartak Trnava,UNVERIFIED
SVK-DAC,SVK,DAC Dunajska Streda,UNVERIFIED
SVK-ZIL,SVK,MSK Zilina,UNVERIFIED
SVN-OLI,SVN,Olimpija Ljubljana,UNVERIFIED
SVN-MAR,SVN,NK Maribor,UNVERIFIED
SVN-CEL,SVN,NK Celje,UNVERIFIED
SVN-KOP,SVN,FC Koper,UNVERIFIED
BGR-LUD,BGR,Ludogorets Razgrad,UNVERIFIED
BGR-CSK,BGR,CSKA Sofia,UNVERIFIED
BGR-LEV,BGR,Levski Sofia,UNVERIFIED
BGR-BOT,BGR,Botev Plovdiv,UNVERIFIED
AZE-QAR,AZE,Qarabag FK,UNVERIFIED
AZE-NEF,AZE,Neftchi Baku,UNVERIFIED
AZE-SAB,AZE,Sabah FC,UNVERIFIED
AZE-ZIR,AZE,Zira FK,UNVERIFIED
IRL-SHR,IRL,Shamrock Rovers,UNVERIFIED
IRL-SHE,IRL,Shelbourne FC,UNVERIFIED
IRL-BOH,IRL,Bohemians Dublin,UNVERIFIED
IRL-DUN,IRL,Dundalk FC,UNVERIFIED
FIN-HJK,FIN,HJK Helsinki,UNVERIFIED
FIN-KUP,FIN,KuPS Kuopio,UNVERIFIED
FIN-ILV,FIN,Ilves Tampere,UNVERIFIED
FIN-INT,FIN,FC Inter Turku,UNVERIFIED
ISL-VIK,ISL,Vikingur Reykjavik,UNVERIFIED
ISL-BRE,ISL,Breidablik,UNVERIFIED
ISL-VAL,ISL,Valur Reykjavik,UNVERIFIED
ISL-KRA,ISL,KR Reykjavik,UNVERIFIED
BIH-ZRI,BIH,Zrinjski Mostar,UNVERIFIED
BIH-BOR,BIH,Borac Banja Luka,UNVERIFIED
BIH-SAR,BIH,FK Sarajevo,UNVERIFIED
BIH-ZEL,BIH,Zeljeznicar Sarajevo,UNVERIFIED
KAZ-KAI,KAZ,Kairat Almaty,UNVERIFIED
KAZ-AST,KAZ,FC Astana,UNVERIFIED
KAZ-ORD,KAZ,Ordabasy,UNVERIFIED
KAZ-TOB,KAZ,Tobol Kostanay,UNVERIFIED
MDA-SHF,MDA,Sheriff Tiraspol,UNVERIFIED
MDA-PET,MDA,Petrocub Hincesti,UNVERIFIED
MDA-MIL,MDA,Milsami Orhei,UNVERIFIED
MDA-ZIM,MDA,Zimbru Chisinau,UNVERIFIED
KOS-BAL,KOS,Ballkani,UNVERIFIED
KOS-DRI,KOS,Drita,UNVERIFIED
KOS-PRI,KOS,FC Prishtina,UNVERIFIED
KOS-LAP,KOS,Llapi,UNVERIFIED
ARM-PYU,ARM,Pyunik Yerevan,UNVERIFIED
ARM-NOA,ARM,FC Noah,UNVERIFIED
ARM-ARA,ARM,Ararat Armenia,UNVERIFIED
ARM-URA,ARM,Urartu FC,UNVERIFIED
GEO-DIN,GEO,Dinamo Tbilisi,UNVERIFIED
GEO-DTB,GEO,Dinamo Batumi,UNVERIFIED
GEO-IBE,GEO,Iberia 1999,UNVERIFIED
GEO-TOR,GEO,Torpedo Kutaisi,UNVERIFIED
LVA-RFS,LVA,RFS Riga,UNVERIFIED
LVA-RIG,LVA,Riga FC,UNVERIFIED
LVA-AUD,LVA,FK Auda,UNVERIFIED
LVA-LIE,LVA,FK Liepaja,UNVERIFIED
LTU-ZAL,LTU,Zalgiris Vilnius,UNVERIFIED
LTU-KAZ,LTU,Kauno Zalgiris,UNVERIFIED
LTU-PAN,LTU,FK Panevezys,UNVERIFIED
LTU-SUD,LTU,Suduva Marijampole,UNVERIFIED
EST-FLO,EST,Flora Tallinn,UNVERIFIED
EST-LEV,EST,Levadia Tallinn,UNVERIFIED
EST-KAL,EST,Nomme Kalju,UNVERIFIED
EST-PAI,EST,Paide Linnameeskond,UNVERIFIED
ALB-EGN,ALB,Egnatia Rrogozhine,UNVERIFIED
ALB-PAR,ALB,Partizani Tirana,UNVERIFIED
ALB-TIR,ALB,KF Tirana,UNVERIFIED
ALB-VLL,ALB,Vllaznia Shkoder,UNVERIFIED
MNE-BUD,MNE,Buducnost Podgorica,UNVERIFIED
MNE-SUT,MNE,Sutjeska Niksic,UNVERIFIED
MNE-DEC,MNE,Decic Tuzi,UNVERIFIED
MNE-MOR,MNE,Mornar Bar,UNVERIFIED
MKD-SHK,MKD,Shkendija Tetovo,UNVERIFIED
MKD-STR,MKD,Struga Trim Lum,UNVERIFIED
MKD-VAR,MKD,Vardar Skopje,UNVERIFIED
MKD-SIL,MKD,Sileks Kratovo,UNVERIFIED
BLR-DIN,BLR,Dinamo Minsk,UNVERIFIED
BLR-NEM,BLR,Neman Grodno,UNVERIFIED
BLR-BAT,BLR,BATE Borisov,UNVERIFIED
BLR-TOR,BLR,Torpedo BelAZ,UNVERIFIED
MLT-HAM,MLT,Hamrun Spartans,UNVERIFIED
MLT-FLO,MLT,Floriana FC,UNVERIFIED
MLT-HIB,MLT,Hibernians FC,UNVERIFIED
MLT-BIR,MLT,Birkirkara FC,UNVERIFIED
NIR-LIN,NIR,Linfield FC,UNVERIFIED
NIR-LAR,NIR,Larne FC,UNVERIFIED
NIR-CLI,NIR,Cliftonville FC,UNVERIFIED
NIR-GLN,NIR,Glentoran FC,UNVERIFIED
WAL-TNS,WAL,The New Saints,UNVERIFIED
WAL-PEN,WAL,Penybont FC,UNVERIFIED
WAL-BAL,WAL,Bala Town,UNVERIFIED
WAL-CAE,WAL,Caernarfon Town,UNVERIFIED
LUX-DIF,LUX,Differdange 03,UNVERIFIED
LUX-FAA,LUX,F91 Dudelange,UNVERIFIED
LUX-SWI,LUX,Swift Hesperange,UNVERIFIED
LUX-PRO,LUX,Progres Niederkorn,UNVERIFIED
FRO-KLA,FRO,KI Klaksvik,UNVERIFIED
FRO-HBT,FRO,HB Torshavn,UNVERIFIED
FRO-BAA,FRO,B36 Torshavn,UNVERIFIED
FRO-NSI,FRO,NSI Runavik,UNVERIFIED
GIB-LRI,GIB,Lincoln Red Imps,UNVERIFIED
GIB-EFC,GIB,Europa FC,UNVERIFIED
GIB-SJO,GIB,St Josephs FC,UNVERIFIED
GIB-FCB,GIB,FCB Magpies,UNVERIFIED
AND-INT,AND,Inter Club Escaldes,UNVERIFIED
AND-SCO,AND,FC Santa Coloma,UNVERIFIED
AND-USC,AND,UE Santa Coloma,UNVERIFIED
AND-ATL,AND,Atletic Escaldes,UNVERIFIED
SMR-TRE,SMR,Tre Fiori,UNVERIFIED
SMR-LFI,SMR,La Fiorita,UNVERIFIED
SMR-VIR,SMR,SS Virtus,UNVERIFIED
SMR-TPE,SMR,Tre Penne,UNVERIFIED
LIE-VAD,LIE,FC Vaduz,UNVERIFIED
LIE-BAL,LIE,FC Balzers,UNVERIFIED
LIE-ESC,LIE,USV Eschen Mauren,UNVERIFIED
LIE-RUG,LIE,FC Ruggell,UNVERIFIED
RUS-ZEN,RUS,Zenit Saint Petersburg,UNVERIFIED
RUS-SPA,RUS,Spartak Moscow,UNVERIFIED
RUS-CSK,RUS,CSKA Moscow,UNVERIFIED
RUS-KRA,RUS,FC Krasnodar,UNVERIFIED
BEL-ANT,BEL,Royal Antwerp FC,UNVERIFIED
BEL-STA,BEL,Standard Liege,UNVERIFIED
BEL-CHA,BEL,Sporting Charleroi,UNVERIFIED
BEL-MEC,BEL,KV Mechelen,UNVERIFIED
BEL-CER,BEL,Cercle Brugge,UNVERIFIED
BEL-WES,BEL,KVC Westerlo,UNVERIFIED
BEL-LEU,BEL,OH Leuven,UNVERIFIED
BEL-STT,BEL,Sint-Truiden,UNVERIFIED
TUR-BAS,TUR,Istanbul Basaksehir,UNVERIFIED
TUR-SAM,TUR,Samsunspor,UNVERIFIED
TUR-GOZ,TUR,Goztepe,UNVERIFIED
TUR-KAS,TUR,Kasimpasa,UNVERIFIED
TUR-ALA,TUR,Alanyaspor,UNVERIFIED
TUR-RIZ,TUR,Caykur Rizespor,UNVERIFIED
TUR-KON,TUR,Konyaspor,UNVERIFIED
TUR-ANT,TUR,Antalyaspor,UNVERIFIED
CZE-SLO,CZE,Slovacko,UNVERIFIED
CZE-LIB,CZE,Slovan Liberec,UNVERIFIED
CZE-JAB,CZE,FK Jablonec,UNVERIFIED
CZE-MLB,CZE,Mlada Boleslav,UNVERIFIED
CZE-SIG,CZE,Sigma Olomouc,UNVERIFIED
CZE-TEP,CZE,FK Teplice,UNVERIFIED
GRC-ARI,GRC,Aris Thessaloniki,UNVERIFIED
GRC-AST,GRC,Asteras Tripolis,UNVERIFIED
GRC-ATR,GRC,Atromitos,UNVERIFIED
GRC-OFI,GRC,OFI Crete,UNVERIFIED
GRC-PAN,GRC,Panetolikos,UNVERIFIED
GRC-VOL,GRC,Volos NFC,UNVERIFIED
NOR-BRA,NOR,SK Brann,UNVERIFIED
NOR-TRO,NOR,Tromso IL,UNVERIFIED
NOR-SAR,NOR,Sarpsborg 08,UNVERIFIED
NOR-FRE,NOR,Fredrikstad FK,UNVERIFIED
NOR-HAM,NOR,HamKam,UNVERIFIED
NOR-STR,NOR,Stromsgodset,UNVERIFIED
POL-POG,POL,Pogon Szczecin,UNVERIFIED
POL-GKS,POL,GKS Katowice,UNVERIFIED
POL-GOR,POL,Gornik Zabrze,UNVERIFIED
POL-WID,POL,Widzew Lodz,UNVERIFIED
POL-CRA,POL,Cracovia,UNVERIFIED
POL-MOT,POL,Motor Lublin,UNVERIFIED
DNK-NOR,DNK,FC Nordsjaelland,UNVERIFIED
DNK-RAN,DNK,Randers FC,UNVERIFIED
DNK-VIB,DNK,Viborg FF,UNVERIFIED
DNK-SIL,DNK,Silkeborg IF,UNVERIFIED
DNK-OBK,DNK,Odense BK,UNVERIFIED
DNK-VEJ,DNK,Vejle BK,UNVERIFIED
CHE-ZUR,CHE,FC Zurich,UNVERIFIED
CHE-LAU,CHE,Lausanne Sport,UNVERIFIED
CHE-LUC,CHE,FC Luzern,UNVERIFIED
CHE-STG,CHE,FC St Gallen,UNVERIFIED
CHE-WIN,CHE,FC Winterthur,UNVERIFIED
CHE-GRA,CHE,Grasshopper Club Zurich,UNVERIFIED
AUT-LAS,AUT,LASK Linz,UNVERIFIED
AUT-WAC,AUT,Wolfsberger AC,UNVERIFIED
AUT-HAR,AUT,TSV Hartberg,UNVERIFIED
AUT-ALT,AUT,SCR Altach,UNVERIFIED
AUT-WSG,AUT,WSG Tirol,UNVERIFIED
AUT-BWL,AUT,Blau Weiss Linz,UNVERIFIED
SWE-HAM,SWE,Hammarby IF,UNVERIFIED
SWE-ELF,SWE,IF Elfsborg,UNVERIFIED
SWE-GAI,SWE,GAIS,UNVERIFIED
SWE-GOT,SWE,IFK Goteborg,UNVERIFIED
SWE-NOR,SWE,IFK Norrkoping,UNVERIFIED
SWE-SIR,SWE,IK Sirius,UNVERIFIED
HRV-LOK,HRV,NK Lokomotiva Zagreb,UNVERIFIED
HRV-SLA,HRV,Slaven Belupo,UNVERIFIED
HRV-VAR,HRV,NK Varazdin,UNVERIFIED
HRV-IST,HRV,Istra 1961,UNVERIFIED
HRV-GOR,HRV,HNK Gorica,UNVERIFIED
HRV-VUK,HRV,HNK Vukovar 1991,UNVERIFIED
SRB-CUK,SRB,Cukaricki,UNVERIFIED
SRB-RAD,SRB,Radnicki Nis,UNVERIFIED
SRB-NOV,SRB,Novi Pazar,UNVERIFIED
SRB-NAP,SRB,Napredak Krusevac,UNVERIFIED
SRB-OFK,SRB,OFK Beograd,UNVERIFIED
SRB-MLU,SRB,Mladost Lucani,UNVERIFIED
UKR-KRY,UKR,Kryvbas Kryvyi Rih,UNVERIFIED
UKR-OLE,UKR,Oleksandriya,UNVERIFIED
UKR-RUK,UKR,Rukh Lviv,UNVERIFIED
UKR-KAR,UKR,Karpaty Lviv,UNVERIFIED
UKR-OBO,UKR,Obolon Kyiv,UNVERIFIED
UKR-VER,UKR,Veres Rivne,UNVERIFIED
CYP-AEK,CYP,AEK Larnaca,UNVERIFIED
CYP-ANO,CYP,Anorthosis Famagusta,UNVERIFIED
CYP-AEL,CYP,AEL Limassol,UNVERIFIED
ISR-HHA,ISR,Hapoel Haifa,UNVERIFIED
ISR-HPT,ISR,Hapoel Petah Tikva,UNVERIFIED
ISR-MNP,ISR,Maccabi Netanya,UNVERIFIED
ISR-MSA,ISR,Maccabi Bnei Reineh,UNVERIFIED
HUN-FEH,HUN,Fehervar FC,UNVERIFIED
HUN-DEB,HUN,Debreceni VSC,UNVERIFIED
HUN-DIO,HUN,Diosgyori VTK,UNVERIFIED
HUN-MTK,HUN,MTK Budapest,UNVERIFIED
ROU-DIN,ROU,Dinamo Bucuresti,UNVERIFIED
ROU-CLU,ROU,Universitatea Cluj,UNVERIFIED
ROU-UTA,ROU,UTA Arad,UNVERIFIED
ROU-FAR,ROU,Farul Constanta,UNVERIFIED
SVK-POD,SVK,Zeleziarne Podbrezova,UNVERIFIED
SVK-RUZ,SVK,MFK Ruzomberok,UNVERIFIED
SVK-TRE,SVK,AS Trencin,UNVERIFIED
SVK-KOS,SVK,FC Kosice,UNVERIFIED
SVN-MUR,SVN,NS Mura,UNVERIFIED
SVN-BRA,SVN,NK Bravo,UNVERIFIED
SVN-DOM,SVN,NK Domzale,UNVERIFIED
SVN-RAD,SVN,NK Radomlje,UNVERIFIED
BGR-CSS,BGR,CSKA 1948 Sofia,UNVERIFIED
BGR-LOK,BGR,Lokomotiv Plovdiv,UNVERIFIED
BGR-CHM,BGR,Cherno More Varna,UNVERIFIED
BGR-BER,BGR,Beroe Stara Zagora,UNVERIFIED
AZE-SUM,AZE,Sumqayit FK,UNVERIFIED
AZE-KAP,AZE,Kapaz PFK,UNVERIFIED
AZE-TUR,AZE,Turan Tovuz,UNVERIFIED
AZE-SHA,AZE,Shamakhi FK,UNVERIFIED
IRL-STP,IRL,St Patricks Athletic,UNVERIFIED
IRL-DER,IRL,Derry City,UNVERIFIED
IRL-SLR,IRL,Sligo Rovers,UNVERIFIED
IRL-WAT,IRL,Waterford FC,UNVERIFIED
FIN-SJK,FIN,Seinajoen JK,UNVERIFIED
FIN-VPS,FIN,Vaasan Palloseura,UNVERIFIED
FIN-HIF,FIN,HIFK Helsinki,UNVERIFIED
FIN-MAR,FIN,IFK Mariehamn,UNVERIFIED
ISL-FHA,ISL,FH Hafnarfjordur,UNVERIFIED
ISL-STJ,ISL,Stjarnan,UNVERIFIED
ISL-FRA,ISL,Fram Reykjavik,UNVERIFIED
ISL-AKR,ISL,IA Akranes,UNVERIFIED
BIH-VEL,BIH,Velez Mostar,UNVERIFIED
BIH-SIK,BIH,Siroki Brijeg,UNVERIFIED
BIH-POS,BIH,Posusje,UNVERIFIED
BIH-SLO,BIH,Sloboda Tuzla,UNVERIFIED
KAZ-AKT,KAZ,Aktobe,UNVERIFIED
KAZ-KYZ,KAZ,Kyzylzhar,UNVERIFIED
KAZ-ZHE,KAZ,Zhetysu,UNVERIFIED
KAZ-ATY,KAZ,Atyrau,UNVERIFIED
MDA-BAL,MDA,FC Balti,UNVERIFIED
MDA-FLO,MDA,Floresti,UNVERIFIED
MDA-SPA,MDA,Spartanii Sportul,UNVERIFIED
MDA-DAC,MDA,Dacia Buiucani,UNVERIFIED
KOS-GJI,KOS,Gjilani,UNVERIFIED
KOS-MAL,KOS,Malisheva,UNVERIFIED
KOS-FER,KOS,Ferizaj,UNVERIFIED
KOS-DUK,KOS,Dukagjini,UNVERIFIED
ARM-ALA,ARM,Alashkert,UNVERIFIED
ARM-SHI,ARM,Shirak Gyumri,UNVERIFIED
ARM-VAN,ARM,FC Van,UNVERIFIED
GEO-SAM,GEO,Samgurali Tskaltubo,UNVERIFIED
GEO-GAG,GEO,Gagra,UNVERIFIED
GEO-TEL,GEO,Telavi,UNVERIFIED
GEO-DIL,GEO,Dila Gori,UNVERIFIED
LVA-VAL,LVA,Valmiera FC,UNVERIFIED
LVA-MET,LVA,FS Metta,UNVERIFIED
LVA-TUK,LVA,FK Tukums 2000,UNVERIFIED
LVA-DAU,LVA,BFC Daugavpils,UNVERIFIED
LTU-HEG,LTU,Hegelmann,UNVERIFIED
LTU-BAN,LTU,Banga Gargzdai,UNVERIFIED
LTU-DZI,LTU,Dziugas Telsiai,UNVERIFIED
LTU-SIA,LTU,FA Siauliai,UNVERIFIED
EST-TAM,EST,Tammeka Tartu,UNVERIFIED
EST-NAR,EST,Narva Trans,UNVERIFIED
EST-KUR,EST,Kuressaare,UNVERIFIED
EST-VAP,EST,Parnu Vaprus,UNVERIFIED
ALB-TEU,ALB,Teuta Durres,UNVERIFIED
ALB-SKN,ALB,Skenderbeu,UNVERIFIED
ALB-BYL,ALB,Bylis Ballsh,UNVERIFIED
ALB-DIN,ALB,Dinamo City,UNVERIFIED
MNE-PET,MNE,Petrovac,UNVERIFIED
MNE-JED,MNE,Jedinstvo Bijelo Polje,UNVERIFIED
MNE-JEZ,MNE,Jezero Plav,UNVERIFIED
MNE-ARS,MNE,Arsenal Tivat,UNVERIFIED
MKD-RAB,MKD,Rabotnicki,UNVERIFIED
MKD-TIK,MKD,Tikves Kavadarci,UNVERIFIED
MKD-PEL,MKD,Pelister Bitola,UNVERIFIED
MKD-BRG,MKD,Brera Strumica,UNVERIFIED
BLR-SLA,BLR,Slavia Mozyr,UNVERIFIED
BLR-ISL,BLR,Isloch Minsk Raion,UNVERIFIED
BLR-MIN,BLR,FC Minsk,UNVERIFIED
BLR-GOM,BLR,FC Gomel,UNVERIFIED
MLT-SLI,MLT,Sliema Wanderers,UNVERIFIED
MLT-GZI,MLT,Gzira United,UNVERIFIED
MLT-MOS,MLT,Mosta FC,UNVERIFIED
NIR-CRU,NIR,Crusaders FC,UNVERIFIED
NIR-COL,NIR,Coleraine FC,UNVERIFIED
NIR-GLE,NIR,Glenavon FC,UNVERIFIED
NIR-BAL,NIR,Ballymena United,UNVERIFIED
WAL-CON,WAL,Connahs Quay Nomads,UNVERIFIED
WAL-HAV,WAL,Haverfordwest County,UNVERIFIED
WAL-CAR,WAL,Cardiff Metropolitan University,UNVERIFIED
WAL-NEW,WAL,Newtown AFC,UNVERIFIED
LUX-RAC,LUX,Racing FC Union Luxembourg,UNVERIFIED
LUX-UNA,LUX,UNA Strassen,UNVERIFIED
LUX-JEU,LUX,Jeunesse Esch,UNVERIFIED
LUX-MON,LUX,US Mondorf,UNVERIFIED
FRO-VIK,FRO,Vikingur Gota,UNVERIFIED
FRO-EBB,FRO,EB Streymur,UNVERIFIED
FRO-TOF,FRO,B68 Toftir,UNVERIFIED
FRO-SKA,FRO,Skala IF,UNVERIFIED
GIB-MAN,GIB,Manchester 62 FC,UNVERIFIED
GIB-MON,GIB,Mons Calpe SC,UNVERIFIED
GIB-BRU,GIB,Bruno's Magpies,UNVERIFIED
GIB-GLA,GIB,Glacis United,UNVERIFIED
AND-ORD,AND,FC Ordino,UNVERIFIED
AND-PEN,AND,Penya Encarnada,UNVERIFIED
AND-RAN,AND,FC Rangers Andorra,UNVERIFIED
AND-CAR,AND,CE Carroi,UNVERIFIED
SMR-FOL,SMR,Folgore Falciano,UNVERIFIED
SMR-LIB,SMR,Libertas,UNVERIFIED
SMR-MUR,SMR,Murata,UNVERIFIED
SMR-COS,SMR,Cosmos,UNVERIFIED
LIE-SCH,LIE,FC Schaan,UNVERIFIED
LIE-TRI,LIE,FC Triesen,UNVERIFIED
LIE-TRB,LIE,FC Triesenberg,UNVERIFIED
RUS-LOK,RUS,Lokomotiv Moscow,UNVERIFIED
RUS-DYN,RUS,Dynamo Moscow,UNVERIFIED
RUS-ROS,RUS,Rostov,UNVERIFIED
RUS-RUB,RUS,Rubin Kazan,UNVERIFIED
FRA-ANG,FRA,Angers SCO,SOURCE_VERIFIED_2026_27
FRA-AUX,FRA,AJ Auxerre,SOURCE_VERIFIED_2026_27
FRA-BRE,FRA,Stade Brestois 29,SOURCE_VERIFIED_2026_27
FRA-HAC,FRA,Le Havre AC,SOURCE_VERIFIED_2026_27
FRA-LEM,FRA,Le Mans FC,SOURCE_VERIFIED_2026_27
FRA-LEN,FRA,RC Lens,SOURCE_VERIFIED_2026_27
FRA-LOR,FRA,FC Lorient,SOURCE_VERIFIED_2026_27
FRA-PFC,FRA,Paris FC,SOURCE_VERIFIED_2026_27
FRA-STR,FRA,RC Strasbourg Alsace,SOURCE_VERIFIED_2026_27
FRA-TOU,FRA,Toulouse FC,SOURCE_VERIFIED_2026_27
FRA-TRO,FRA,ESTAC Troyes,SOURCE_VERIFIED_2026_27
NLD-ADO,NLD,ADO Den Haag,SOURCE_VERIFIED_2026_27
NLD-EXC,NLD,Excelsior Rotterdam,SOURCE_VERIFIED_2026_27
NLD-GRO,NLD,FC Groningen,SOURCE_VERIFIED_2026_27
NLD-FOR,NLD,Fortuna Sittard,SOURCE_VERIFIED_2026_27
NLD-GAE,NLD,Go Ahead Eagles,SOURCE_VERIFIED_2026_27
NLD-NEC,NLD,NEC Nijmegen,SOURCE_VERIFIED_2026_27
NLD-PEC,NLD,PEC Zwolle,SOURCE_VERIFIED_2026_27
NLD-CAM,NLD,SC Cambuur,SOURCE_VERIFIED_2026_27
NLD-HEE,NLD,SC Heerenveen,SOURCE_VERIFIED_2026_27
NLD-SPA,NLD,Sparta Rotterdam,SOURCE_VERIFIED_2026_27
NLD-TEL,NLD,Telstar,SOURCE_VERIFIED_2026_27
NLD-WIL,NLD,Willem II,SOURCE_VERIFIED_2026_27
