country_id,country_name,league_level,competition_name,competition_status,competition_id,season
ENG,England,1,Premier League,VERIFIED_OFFICIAL,ENG-0001,2026-27
ENG,England,2,EFL Championship,VERIFIED_SECONDARY,ENG-0002,2026-27
ENG,England,3,EFL League One,VERIFIED_SECONDARY,ENG-0003,2026-27
ENG,England,4,EFL League Two,VERIFIED_SECONDARY,ENG-0004,2026-27
ITA,Italy,1,Serie A,VERIFIED_OFFICIAL,ITA-0001,2026-27
ITA,Italy,2,Serie B,VERIFIED_OFFICIAL,ITA-0002,2026-27
ESP,Spain,1,La Liga,VERIFIED_OFFICIAL,ESP-0001,2026-27
ESP,Spain,2,Segunda Division,VERIFIED_OFFICIAL,ESP-0002,2026-27
DEU,Germany,1,Bundesliga,VERIFIED_OFFICIAL,DEU-0001,2026-27
DEU,Germany,2,2 Bundesliga,VERIFIED_OFFICIAL,DEU-0002,2026-27
FRA,France,1,Ligue 1,VERIFIED_OFFICIAL,FRA-0001,2026-27
FRA,France,2,Ligue 2,VERIFIED_OFFICIAL,FRA-0002,2026-27
NLD,Netherlands,1,Eredivisie,VERIFIED_OFFICIAL,NLD-0001,2026-27
NLD,Netherlands,2,Eerste Divisie,VERIFIED_SECONDARY,NLD-0002,2026-27
PRT,Portugal,1,Primeira Liga,VERIFIED_SECONDARY,PRT-0001,2026-27
PRT,Portugal,2,Liga Portugal 2,VERIFIED_SECONDARY,PRT-0002,2026-27
BEL,Belgium,1,Belgian Pro League,VERIFIED_OFFICIAL,BEL-0001,2026-27
BEL,Belgium,2,Challenger Pro League,VERIFIED_OFFICIAL,BEL-0002,2026-27
TUR,Turkey,1,Super Lig,VERIFIED_OFFICIAL,TUR-0001,2026-27
TUR,Turkey,2,TFF 1 Lig,VERIFIED_OFFICIAL,TUR-0002,2026-27
CZE,Czechia,1,Czech First League,VERIFIED_SECONDARY,CZE-0001,2026-27
CZE,Czechia,2,Czech National Football League,VERIFIED_SECONDARY,CZE-0002,2026-27
GRC,Greece,1,Super League Greece,VERIFIED_SECONDARY,GRC-0001,2026-27
GRC,Greece,2,Super League Greece 2,VERIFIED_OFFICIAL,GRC-0002,2026-27
NOR,Norway,1,Eliteserien,VERIFIED_OFFICIAL,NOR-0001,2026
NOR,Norway,2,Norwegian First Division,VERIFIED_OFFICIAL,NOR-0002,2026
POL,Poland,1,Ekstraklasa,VERIFIED_OFFICIAL,POL-0001,2026-27
POL,Poland,2,I liga,VERIFIED_SECONDARY,POL-0002,2026-27
DNK,Denmark,1,Danish Superliga,VERIFIED_SECONDARY,DNK-0001,2026-27
DNK,Denmark,2,Danish 1st Division,VERIFIED_SECONDARY,DNK-0002,2026-27
SCO,Scotland,1,Scottish Premiership,VERIFIED_OFFICIAL,SCO-0001,2026-27
SCO,Scotland,2,Scottish Championship,VERIFIED_OFFICIAL,SCO-0002,2026-27
CHE,Switzerland,1,Swiss Super League,VERIFIED_SECONDARY,CHE-0001,2026-27
CHE,Switzerland,2,Swiss Challenge League,VERIFIED_SECONDARY,CHE-0002,2026-27
AUT,Austria,1,Austrian Bundesliga,VERIFIED_SECONDARY,AUT-0001,2026-27
AUT,Austria,2,Austrian 2 Liga,VERIFIED_SECONDARY,AUT-0002,2026-27
SWE,Sweden,1,Allsvenskan,VERIFIED_SECONDARY,SWE-0001,2026
SWE,Sweden,2,Superettan,VERIFIED_SECONDARY,SWE-0002,2026
HRV,Croatia,1,HNL,VERIFIED_SECONDARY,HRV-0001,2026-27
HRV,Croatia,2,Prva NL,VERIFIED_SECONDARY,HRV-0002,2026-27
SRB,Serbia,1,Serbian SuperLiga,VERIFIED_SECONDARY,SRB-0001,2026-27
SRB,Serbia,2,Serbian First League,VERIFIED_SECONDARY,SRB-0002,2026-27
UKR,Ukraine,1,Ukrainian Premier League,VERIFIED_SECONDARY,UKR-0001,2026-27
UKR,Ukraine,2,Ukrainian First League,VERIFIED_SECONDARY,UKR-0002,2026-27
CYP,Cyprus,1,Cypriot First Division,VERIFIED_SECONDARY,CYP-0001,2026-27
CYP,Cyprus,2,Cypriot Second Division,VERIFIED_SECONDARY,CYP-0002,2026-27
ISR,Israel,1,Israeli Premier League,VERIFIED_SECONDARY,ISR-0001,2026-27
ISR,Israel,2,Liga Leumit,VERIFIED_SECONDARY,ISR-0002,2026-27
HUN,Hungary,1,Nemzeti Bajnoksag I,VERIFIED_SECONDARY,HUN-0001,2026-27
HUN,Hungary,2,Nemzeti Bajnoksag II,VERIFIED_SECONDARY,HUN-0002,2026-27
ROU,Romania,1,Liga I,VERIFIED_SECONDARY,ROU-0001,2026-27
ROU,Romania,2,Liga II,VERIFIED_SECONDARY,ROU-0002,2026-27
SVK,Slovakia,1,Slovak Super Liga,VERIFIED_SECONDARY,SVK-0001,2026-27
SVK,Slovakia,2,2 Liga,VERIFIED_SECONDARY,SVK-0002,2026-27
SVN,Slovenia,1,Slovenian PrvaLiga,VERIFIED_SECONDARY,SVN-0001,2026-27
SVN,Slovenia,2,Slovenian Second League,VERIFIED_SECONDARY,SVN-0002,2026-27
BGR,Bulgaria,1,Bulgarian First League,VERIFIED_SECONDARY,BGR-0001,2026-27
BGR,Bulgaria,2,Bulgarian Second League,VERIFIED_SECONDARY,BGR-0002,2026-27
AZE,Azerbaijan,1,Azerbaijan Premier League,VERIFIED_SECONDARY,AZE-0001,2026-27
AZE,Azerbaijan,2,Azerbaijan First League,VERIFIED_SECONDARY,AZE-0002,2026-27
IRL,Ireland,1,League of Ireland Premier Division,VERIFIED_SECONDARY,IRL-0001,2026
IRL,Ireland,2,League of Ireland First Division,VERIFIED_SECONDARY,IRL-0002,2026
FIN,Finland,1,Veikkausliiga,VERIFIED_SECONDARY,FIN-0001,2026
FIN,Finland,2,Ykkosliiga,VERIFIED_SECONDARY,FIN-0002,2026
ISL,Iceland,1,Besta deild karla,VERIFIED_SECONDARY,ISL-0001,2026
BIH,Bosnia and Herzegovina,1,Premier League of Bosnia and Herzegovina,VERIFIED_SECONDARY,BIH-0001,2026-27
KAZ,Kazakhstan,1,Kazakhstan Premier League,VERIFIED_SECONDARY,KAZ-0001,2026
MDA,Moldova,1,Moldovan Super Liga,VERIFIED_SECONDARY,MDA-0001,2026-27
KOS,Kosovo,1,Football Superleague of Kosovo,VERIFIED_SECONDARY,KOS-0001,2026-27
ARM,Armenia,1,Armenian Premier League,VERIFIED_SECONDARY,ARM-0001,2026-27
GEO,Georgia,1,Erovnuli Liga,VERIFIED_SECONDARY,GEO-0001,2026
LVA,Latvia,1,Latvian Higher League,VERIFIED_SECONDARY,LVA-0001,2026
LTU,Lithuania,1,A Lyga,VERIFIED_SECONDARY,LTU-0001,2026
EST,Estonia,1,Meistriliiga,VERIFIED_SECONDARY,EST-0001,2026
ALB,Albania,1,Kategoria Superiore,VERIFIED_SECONDARY,ALB-0001,2026-27
MNE,Montenegro,1,Montenegrin First League,VERIFIED_SECONDARY,MNE-0001,2026-27
MKD,North Macedonia,1,Macedonian First Football League,VERIFIED_SECONDARY,MKD-0001,2026-27
BLR,Belarus,1,Belarusian Premier League,VERIFIED_SECONDARY,BLR-0001,2026
MLT,Malta,1,Maltese Premier League,VERIFIED_SECONDARY,MLT-0001,2026-27
NIR,Northern Ireland,1,NIFL Premiership,VERIFIED_SECONDARY,NIR-0001,2026-27
WAL,Wales,1,Cymru Premier,VERIFIED_SECONDARY,WAL-0001,2026-27
LUX,Luxembourg,1,Luxembourg National Division,VERIFIED_SECONDARY,LUX-0001,2026-27
FRO,Faroe Islands,1,Faroe Islands Premier League,VERIFIED_SECONDARY,FRO-0001,2026
GIB,Gibraltar,1,Gibraltar Football League,VERIFIED_OFFICIAL,GIB-0001,2026-27
AND,Andorra,1,Primera Divisio,VERIFIED_SECONDARY,AND-0001,2026-27
SMR,San Marino,1,Campionato Sammarinese di Calcio,VERIFIED_SECONDARY,SMR-0001,2026-27
RUS,Russia,1,Russian Premier League,VERIFIED_SECONDARY,RUS-0001,2026-27
