season,country_id,division,competition_name,club_id,source_url,verification_status
2026-27,FRA,1,Ligue 1,FRA-ANG,https://ligue1.com/fr/articles/l1_article_5293-les-dates-de-reprise-des-clubs-de-l1-2627,VERIFIED_OFFICIAL
2026-27,FRA,1,Ligue 1,FRA-AUX,https://ligue1.com/fr/articles/l1_article_5293-les-dates-de-reprise-des-clubs-de-l1-2627,VERIFIED_OFFICIAL
2026-27,FRA,1,Ligue 1,FRA-BRE,https://ligue1.com/fr/articles/l1_article_5293-les-dates-de-reprise-des-clubs-de-l1-2627,VERIFIED_OFFICIAL
2026-27,FRA,1,Ligue 1,FRA-HAC,https://ligue1.com/fr/articles/l1_article_5293-les-dates-de-reprise-des-clubs-de-l1-2627,VERIFIED_OFFICIAL
2026-27,FRA,1,Ligue 1,FRA-LEM,https://ligue1.com/fr/articles/l1_article_5293-les-dates-de-reprise-des-clubs-de-l1-2627,VERIFIED_OFFICIAL
2026-27,FRA,1,Ligue 1,FRA-LEN,https://ligue1.com/fr/articles/l1_article_5293-les-dates-de-reprise-des-clubs-de-l1-2627,VERIFIED_OFFICIAL
2026-27,FRA,1,Ligue 1,FRA-LOR,https://ligue1.com/fr/articles/l1_article_5293-les-dates-de-reprise-des-clubs-de-l1-2627,VERIFIED_OFFICIAL
2026-27,FRA,1,Ligue 1,FRA-LIL,https://ligue1.com/fr/articles/l1_article_5293-les-dates-de-reprise-des-clubs-de-l1-2627,VERIFIED_OFFICIAL
2026-27,FRA,1,Ligue 1,FRA-LYO,https://ligue1.com/fr/articles/l1_article_5293-les-dates-de-reprise-des-clubs-de-l1-2627,VERIFIED_OFFICIAL
2026-27,FRA,1,Ligue 1,FRA-OLY,https://ligue1.com/fr/articles/l1_article_5293-les-dates-de-reprise-des-clubs-de-l1-2627,VERIFIED_OFFICIAL
2026-27,FRA,1,Ligue 1,FRA-MON,https://ligue1.com/fr/articles/l1_article_5293-les-dates-de-reprise-des-clubs-de-l1-2627,VERIFIED_OFFICIAL
2026-27,FRA,1,Ligue 1,FRA-NIC,https://ligue1.com/fr/articles/l1_article_5293-les-dates-de-reprise-des-clubs-de-l1-2627,VERIFIED_OFFICIAL
2026-27,FRA,1,Ligue 1,FRA-PFC,https://ligue1.com/fr/articles/l1_article_5293-les-dates-de-reprise-des-clubs-de-l1-2627,VERIFIED_OFFICIAL
2026-27,FRA,1,Ligue 1,FRA-PSG,https://ligue1.com/fr/articles/l1_article_5293-les-dates-de-reprise-des-clubs-de-l1-2627,VERIFIED_OFFICIAL
2026-27,FRA,1,Ligue 1,FRA-REN,https://ligue1.com/fr/articles/l1_article_5293-les-dates-de-reprise-des-clubs-de-l1-2627,VERIFIED_OFFICIAL
2026-27,FRA,1,Ligue 1,FRA-STR,https://ligue1.com/fr/articles/l1_article_5293-les-dates-de-reprise-des-clubs-de-l1-2627,VERIFIED_OFFICIAL
2026-27,FRA,1,Ligue 1,FRA-TOU,https://ligue1.com/fr/articles/l1_article_5293-les-dates-de-reprise-des-clubs-de-l1-2627,VERIFIED_OFFICIAL
2026-27,FRA,1,Ligue 1,FRA-TRO,https://ligue1.com/fr/articles/l1_article_5293-les-dates-de-reprise-des-clubs-de-l1-2627,VERIFIED_OFFICIAL
2026-27,NLD,1,Eredivisie,NLD-ADO,https://eredivisie.nl/competitie/clubs/,VERIFIED_OFFICIAL
2026-27,NLD,1,Eredivisie,NLD-AJA,https://eredivisie.nl/competitie/clubs/,VERIFIED_OFFICIAL
2026-27,NLD,1,Eredivisie,NLD-AZA,https://eredivisie.nl/competitie/clubs/,VERIFIED_OFFICIAL
2026-27,NLD,1,Eredivisie,NLD-EXC,https://eredivisie.nl/competitie/clubs/,VERIFIED_OFFICIAL
2026-27,NLD,1,Eredivisie,NLD-GRO,https://eredivisie.nl/competitie/clubs/,VERIFIED_OFFICIAL
2026-27,NLD,1,Eredivisie,NLD-TWE,https://eredivisie.nl/competitie/clubs/,VERIFIED_OFFICIAL
2026-27,NLD,1,Eredivisie,NLD-UTR,https://eredivisie.nl/competitie/clubs/,VERIFIED_OFFICIAL
2026-27,NLD,1,Eredivisie,NLD-FEY,https://eredivisie.nl/competitie/clubs/,VERIFIED_OFFICIAL
2026-27,NLD,1,Eredivisie,NLD-FOR,https://eredivisie.nl/competitie/clubs/,VERIFIED_OFFICIAL
2026-27,NLD,1,Eredivisie,NLD-GAE,https://eredivisie.nl/competitie/clubs/,VERIFIED_OFFICIAL
2026-27,NLD,1,Eredivisie,NLD-NEC,https://eredivisie.nl/competitie/clubs/,VERIFIED_OFFICIAL
2026-27,NLD,1,Eredivisie,NLD-PEC,https://eredivisie.nl/competitie/clubs/,VERIFIED_OFFICIAL
2026-27,NLD,1,Eredivisie,NLD-PSV,https://eredivisie.nl/competitie/clubs/,VERIFIED_OFFICIAL
2026-27,NLD,1,Eredivisie,NLD-CAM,https://eredivisie.nl/competitie/clubs/,VERIFIED_OFFICIAL
2026-27,NLD,1,Eredivisie,NLD-HEE,https://eredivisie.nl/competitie/clubs/,VERIFIED_OFFICIAL
2026-27,NLD,1,Eredivisie,NLD-SPA,https://eredivisie.nl/competitie/clubs/,VERIFIED_OFFICIAL
2026-27,NLD,1,Eredivisie,NLD-TEL,https://eredivisie.nl/competitie/clubs/,VERIFIED_OFFICIAL
2026-27,NLD,1,Eredivisie,NLD-WIL,https://eredivisie.nl/competitie/clubs/,VERIFIED_OFFICIAL
2026-27,ENG,1,Premier League,ENG-BOU,https://www.premierleague.com/en/news/4365156,VERIFY_SOURCE_REQUIRED
2026-27,ENG,1,Premier League,ENG-ARS,https://www.premierleague.com/en/news/4365156,VERIFY_SOURCE_REQUIRED
2026-27,ENG,1,Premier League,ENG-AST,https://www.premierleague.com/en/news/4365156,VERIFY_SOURCE_REQUIRED
2026-27,ENG,1,Premier League,ENG-BRE,https://www.premierleague.com/en/news/4365156,VERIFY_SOURCE_REQUIRED
2026-27,ENG,1,Premier League,ENG-BRI,https://www.premierleague.com/en/news/4365156,VERIFY_SOURCE_REQUIRED
2026-27,ENG,1,Premier League,ENG-CFC,https://www.premierleague.com/en/news/4365156,VERIFY_SOURCE_REQUIRED
2026-27,ENG,1,Premier League,ENG-COV,https://www.premierleague.com/en/news/4365156,VERIFY_SOURCE_REQUIRED
2026-27,ENG,1,Premier League,ENG-CRY,https://www.premierleague.com/en/news/4365156,VERIFY_SOURCE_REQUIRED
2026-27,ENG,1,Premier League,ENG-EVE,https://www.premierleague.com/en/news/4365156,VERIFY_SOURCE_REQUIRED
2026-27,ENG,1,Premier League,ENG-FUL,https://www.premierleague.com/en/news/4365156,VERIFY_SOURCE_REQUIRED
2026-27,ENG,1,Premier League,ENG-HUL,https://www.premierleague.com/en/news/4365156,VERIFY_SOURCE_REQUIRED
2026-27,ENG,1,Premier League,ENG-IPS,https://www.premierleague.com/en/news/4365156,VERIFY_SOURCE_REQUIRED
2026-27,ENG,1,Premier League,ENG-LEE,https://www.premierleague.com/en/news/4365156,VERIFY_SOURCE_REQUIRED
2026-27,ENG,1,Premier League,ENG-LFC,https://www.premierleague.com/en/news/4365156,VERIFY_SOURCE_REQUIRED
2026-27,ENG,1,Premier League,ENG-MCI,https://www.premierleague.com/en/news/4365156,VERIFY_SOURCE_REQUIRED
2026-27,ENG,1,Premier League,ENG-MUN,https://www.premierleague.com/en/news/4365156,VERIFY_SOURCE_REQUIRED
2026-27,ENG,1,Premier League,ENG-NEW,https://www.premierleague.com/en/news/4365156,VERIFY_SOURCE_REQUIRED
2026-27,ENG,1,Premier League,ENG-NOT,https://www.premierleague.com/en/news/4365156,VERIFY_SOURCE_REQUIRED
2026-27,ENG,1,Premier League,ENG-SUN,https://www.premierleague.com/en/news/4365156,VERIFY_SOURCE_REQUIRED
2026-27,ENG,1,Premier League,ENG-TOT,https://www.premierleague.com/en/news/4365156,VERIFY_SOURCE_REQUIRED
