country_id,division,competition_id,competition_name,season,expected_teams,recorded_teams,verification_status,source_url,checked_at,blocked_reason,notes
ALB,1,ALB-0001,Kategoria Superiore,2026-27,10,10,VERIFIED_OFFICIAL,https://fshf.org/sq/abissnet-superiore-2026-2027-percaktohen-datat-dhe-oraret-e-5-javeve-te-para-te-sezonit-te-ri/,2026-10-09,,Complete independent official season roster comparison; permanent IDs retained.
AND,1,AND-0001,Primera Divisio,2026-27,10,10,VERIFIED_SECONDARY,https://primatips.com/tables/andorra,2026-10-08,FAF returns an application shell; the complete 2026/27 ten-club roster was not retrieved. Alternate official directory redirects to login; youth rules do not establish senior participants.,
ARM,1,ARM-0001,Armenian Premier League,2026-27,12,12,VERIFIED_OFFICIAL,https://premierleague.ffa.am/en/games,2026-10-09,,Complete official current-roster crosscheck; reviewed club-by-club aliases and stable IDs in research/official_roster_audit_2026_10_09.json. FFA2026/27 fixtures6matches12teams; complete league club links
AUT,1,AUT-0001,Austrian Bundesliga,2026-27,12,12,VERIFIED_OFFICIAL,https://www.bundesliga.at/de/tabelle/saison-2026-2027,2026-10-09,,Complete official current-roster crosscheck; reviewed club-by-club aliases and stable IDs in research/official_roster_audit_2026_10_09.json. Bundesliga official2026/2027 overall standings12clubs
AUT,2,AUT-0002,Austrian 2 Liga,2026-27,16,16,VERIFIED_OFFICIAL,https://www.2liga.at/de/tabelle/saison-2026-2027,2026-10-09,,Complete official current-roster crosscheck; reviewed club-by-club aliases and stable IDs in research/official_roster_audit_2026_10_09.json. Official Bundesliga-operated site season2026/2027 overall table; reserve teams explicitly separate
AZE,1,AZE-0001,Azerbaijan Premier League,2026-27,12,12,VERIFIED_SECONDARY,https://www.soccerassociation.com/95/index.htm,2026-10-08,"PFL returns an application shell. The accessible AFFA table contains historical Inter, Simurg and AZAL and cannot certify 2026/27. The current 12/10 clubs remain unconfirmed. Official indexed selector establishes 2026-2027, but open supplies no roster text.",
AZE,2,AZE-0002,Azerbaijan First League,2026-27,10,10,VERIFIED_SECONDARY,https://footystats.org/azerbaijan/first-division,2026-10-08,"PFL returns an application shell. The accessible AFFA table contains historical Inter, Simurg and AZAL and cannot certify 2026/27. The current 12/10 clubs remain unconfirmed. Official indexed selector establishes 2026-2027, but open supplies no second-tier roster text.",
BEL,1,BEL-0001,Belgian Pro League,2026-27,18,18,VERIFIED_OFFICIAL,https://www.proleague.be/jpl-clubs,2026-10-08,,
BEL,2,BEL-0002,Challenger Pro League,2026-27,15,15,VERIFIED_OFFICIAL,https://www.proleague.be/cpl-clubs,2026-10-08,,
BGR,1,BGR-0001,Bulgarian First League,2026-27,14,14,VERIFIED_OFFICIAL,https://efbetleague.com/standings,2026-10-09,,Complete official current-roster crosscheck; reviewed club-by-club aliases and stable IDs in research/official_roster_audit_2026_10_09.json. Season2026/2027 officialleague table14; federationhomepage links efbetЛИГА tothisdomain
BGR,2,BGR-0002,Bulgarian Second League,2026-27,18,18,VERIFIED_OFFICIAL,https://bfu-tournaments.com/leagues/second,2026-10-09,,Complete official current-roster crosscheck; reviewed club-by-club aliases and stable IDs in research/official_roster_audit_2026_10_09.json. BFUtournaments officialseconddivision18currenttable; federationhomepage directlink; season2026/27
BIH,1,BIH-0001,Premier League of Bosnia and Herzegovina,2026-27,10,10,VERIFIED_OFFICIAL,https://www.nfsbih.ba/en/competitions/football-men/wwin-league-bh?id%5B0%5D=54152223&view=standings,2026-10-09,,Complete official current-roster crosscheck; reviewed club-by-club aliases and stable IDs in research/official_roster_audit_2026_10_09.json. Federation WWINligaBiH26/27 first standings table
BLR,1,BLR-0001,Belarusian Premier League,2026,16,16,VERIFIED_SECONDARY,https://www.soccerassociation.com/56/index.htm,2026-10-08,"ABFF championship endpoints return HTTP 502. An indexed season-54 table is not sufficient to establish the 2026 season. Fallback official page still returns 502; search index supplies only first three clubs, insufficient for all sixteen.",
CHE,1,CHE-0001,Swiss Super League,2026-27,12,12,VERIFIED_OFFICIAL,https://matchcenter-sfl.football.ch/default.aspx?lng=1&oid=2,2026-10-09,,Complete official current-roster crosscheck; reviewed club-by-club aliases and stable IDs in research/official_roster_audit_2026_10_09.json. Selected season2026/2027 first Brack Super League table
CHE,2,CHE-0002,Swiss Challenge League,2026-27,10,10,VERIFIED_OFFICIAL,https://matchcenter-sfl.football.ch/default.aspx?ln=11016&lng=3&oid=2&s=2027,2026-10-09,,Complete official current-roster crosscheck; reviewed club-by-club aliases and stable IDs in research/official_roster_audit_2026_10_09.json. Selected season2026/2027 dieci Challenge League table and fixture club full names
CYP,1,CYP-0001,Cypriot First Division,2026-27,14,14,VERIFIED_OFFICIAL,https://www.cfa.com.cy/En/competitions/68124755,2026-10-09,,"CFA explicitly labels Cyprus League by Stoiximan 2026/27 and lists all fourteen clubs in its current first-phase table. The official CFA 2023/24 youth competition regulations explicitly identify F.C. KRASAVA E.N.Y Digenis Ypsonas; the official club history documents the 2022 acquisition of the second-division Ypsonas license. Together these establish the existing Ypsonas identity correspondence to current KRASAVA E.N.Y., preserving the permanent ID and historical canonical name. The historical youth regulation is identity evidence only, not the 2026/27 senior roster source."
CYP,2,CYP-0002,Cypriot Second Division,2026-27,16,16,VERIFIED_OFFICIAL,https://www.cfa.com.cy/En/competitions/68156043,2026-10-09,,Complete official current-roster crosscheck; reviewed club-by-club aliases and stable IDs in research/official_roster_audit_2026_10_09.json. CFA Bdivision2026/27 sixteen clubs; Greek names reviewed against stable English ledger
CZE,1,CZE-0001,Czech First League,2026-27,16,16,VERIFIED_OFFICIAL,https://www.chanceliga.cz/,2026-10-09,,Complete official current-roster crosscheck; reviewed club-by-club aliases and stable IDs in research/official_roster_audit_2026_10_09.json. First standings table image alt labels; current season selector/statistics 2026/2027
CZE,2,CZE-0002,Czech National Football League,2026-27,16,16,VERIFIED_OFFICIAL,https://fnliga.cz/,2026-10-09,,Complete official current-roster crosscheck; reviewed club-by-club aliases and stable IDs in research/official_roster_audit_2026_10_09.json. Official current table and dated October 2026 fixtures; page links season2027
DEU,1,DEU-0001,Bundesliga,2026-27,18,18,VERIFIED_OFFICIAL,https://www.bundesliga.com/de/bundesliga/clubs,2026-10-08,,
DEU,2,DEU-0002,2 Bundesliga,2026-27,18,18,VERIFIED_OFFICIAL,https://www.bundesliga.com/de/2bundesliga/clubs,2026-10-08,,
DNK,1,DNK-0001,Danish Superliga,2026-27,12,12,VERIFIED_OFFICIAL,https://superliga.dk/klubber,2026-10-09,,Complete official current-roster crosscheck; reviewed club-by-club aliases and stable IDs in research/official_roster_audit_2026_10_09.json. League2026/27 media manual complete twelve club-info sections
DNK,2,DNK-0002,Danish 1st Division,2026-27,12,12,VERIFIED_OFFICIAL,https://www.dbu.dk/resultater/pulje/507530/stilling,2026-10-09,,Complete official current-roster crosscheck; reviewed club-by-club aliases and stable IDs in research/official_roster_audit_2026_10_09.json. DBU Betinia LIGA - Grundspil2026/27; rejected pulje508656 because tier3
ENG,1,ENG-0001,Premier League,2026-27,20,20,VERIFIED_OFFICIAL,https://www.premierleague.com/en/news/4365156,2026-10-08,,
ENG,2,ENG-0002,EFL Championship,2026-27,24,24,VERIFIED_OFFICIAL,https://www.efl.com/competitions/efl-championship/,2026-10-09,,Complete official current-roster crosscheck; reviewed club-by-club aliases and stable IDs in research/official_roster_audit_2026_10_09.json. Official EFL page LeagueTableWidget competitionID10 seasonID2026 points to unauthenticated publicleague-tables endpoint; fetched24fullteams. seasonID2026 means2026/27.
ENG,3,ENG-0003,EFL League One,2026-27,24,24,VERIFIED_OFFICIAL,https://www.efl.com/competitions/efl-league-one/,2026-10-09,,Complete official current-roster crosscheck; reviewed club-by-club aliases and stable IDs in research/official_roster_audit_2026_10_09.json. Official EFL page LeagueTableWidget competitionID11 seasonID2026 points to unauthenticated publicleague-tables endpoint; fetched24fullteams. seasonID2026 means2026/27.
ENG,4,ENG-0004,EFL League Two,2026-27,24,24,VERIFIED_OFFICIAL,https://www.efl.com/competitions/efl-league-two/,2026-10-09,,Complete official current-roster crosscheck; reviewed club-by-club aliases and stable IDs in research/official_roster_audit_2026_10_09.json. Official EFL page LeagueTableWidget competitionID12 seasonID2026 points to unauthenticated publicleague-tables endpoint; fetched24fullteams. seasonID2026 means2026/27.
ESP,1,ESP-0001,La Liga,2026-27,20,20,VERIFIED_OFFICIAL,https://www.laliga.com/en-AR/laliga-easports/clubs,2026-10-08,,
ESP,2,ESP-0002,Segunda Division,2026-27,22,22,VERIFIED_OFFICIAL,https://www.laliga.com/laliga-hypermotion/clubes,2026-10-08,,
EST,1,EST-0001,Meistriliiga,2026,10,10,VERIFIED_OFFICIAL,https://www.jalgpall.ee/voistlused/52/premium-liiga,2026-10-09,,Complete official current-roster crosscheck; reviewed club-by-club aliases and stable IDs in research/official_roster_audit_2026_10_09.json. EJL2026 PremiumLiiga complete table; allteam links explicitly season=2026
FIN,1,FIN-0001,Veikkausliiga,2026,12,12,VERIFIED_OFFICIAL,https://www.veikkausliiga.com/tilastot/2026/veikkausliiga/joukkueet/,2026-10-09,,Complete independent official season roster comparison; permanent IDs retained.
FIN,2,FIN-0002,Ykkosliiga,2026,10,10,VERIFIED_OFFICIAL,https://www-assets.palloliitto.fi/62562/1774195903-ykkosliiga2026.pdf,2026-10-09,,Complete official current-roster crosscheck; reviewed club-by-club aliases and stable IDs in research/official_roster_audit_2026_10_09.json. Palloliitto2026 seasoninfoPDF pages4-13 oneprofile perclub; page2 specifies10teams; reserves identified
FRA,1,FRA-0001,Ligue 1,2026-27,18,18,VERIFIED_OFFICIAL,https://ligue1.com/fr/articles/l1_article_5293-les-dates-de-reprise-des-clubs-de-l1-2627,2026-10-08,,
FRA,2,FRA-0002,Ligue 2,2026-27,18,18,VERIFIED_OFFICIAL,https://ligue1.com/fr/articles/l1_article_5558-historique-les-18-clubs-de-ligue-2-bkt-en-chiffres,2026-10-08,,Reprise article lists only 16; official 18-club historical article explicitly also confirms Annecy and Red Star.
FRO,1,FRO-0001,Faroe Islands Premier League,2026,10,10,VERIFIED_OFFICIAL,https://www.fsf.fo/wp-json/comet-api/v2/standings?competitionId=6654857,2026-10-09,,Official FSF page explicitly maps MeistaraDeildin menn 2026 to competition 6654857. Its public comet-api/v2 standings endpoint independently supplies all ten teams and their places. This excludes the adjacent 2025 competition.
GEO,1,GEO-0001,Erovnuli Liga,2026,10,10,VERIFIED_OFFICIAL,https://www.erovnuliliga.ge/en/clubs,2026-10-09,,"Complete official current-roster crosscheck; reviewed club-by-club aliases and stable IDs in research/official_roster_audit_2026_10_09.json. Official GFF-operated club directory selected2026, first ErovnuliLiga section only"
GIB,1,GIB-0001,Gibraltar Football League,2026-27,11,11,VERIFIED_OFFICIAL,https://www.gibraltarfa.com/competitions/gibraltar-football-league-26-27-3395567,2026-10-08,,
GRC,1,GRC-0001,Super League Greece,2026-27,14,14,VERIFIED_OFFICIAL,https://www.slgr.gr/el/statistics/tables/teams/25/158/teams%20SUM_perfect_passes/,2026-10-09,,Complete independent official season roster comparison; permanent IDs retained.
GRC,2,GRC-0002,Super League Greece 2,2026-27,16,16,VERIFIED_OFFICIAL,https://www.sl2.gr/teams,2026-10-08,,
HRV,1,HRV-0001,HNL,2026-27,10,10,VERIFIED_OFFICIAL,https://semafor.hns.family/natjecanja/114137140/supersport-hrvatska-nogometna-liga-20262027/,2026-10-09,,Complete official current-roster crosscheck; reviewed club-by-club aliases and stable IDs in research/official_roster_audit_2026_10_09.json. HNSseason2026/2027 complete first-round5matches10clubs
HRV,2,HRV-0002,Prva NL,2026-27,16,16,VERIFIED_OFFICIAL,https://semafor.hns.family/natjecanja/114348034/supersport-prva-nl/,2026-10-09,,Complete official current-roster crosscheck; reviewed club-by-club aliases and stable IDs in research/official_roster_audit_2026_10_09.json. HNS2026/2027 firstleague opening round8matches16distinctteams; DinamoII maintained
HUN,1,HUN-0001,Nemzeti Bajnoksag I,2026-27,12,12,VERIFIED_OFFICIAL,https://adatbank.mlsz.hu/,2026-10-09,,Complete official current-roster crosscheck; reviewed club-by-club aliases and stable IDs in research/official_roster_audit_2026_10_09.json. MLSZ official current season2026/2027 selector andOTPBankLiga12club table
HUN,2,HUN-0002,Nemzeti Bajnoksag II,2026-27,16,16,VERIFIED_OFFICIAL,https://adatbank.mlsz.hu/league/67/0/33587/2.html,2026-10-09,,Complete official current-roster crosscheck; reviewed club-by-club aliases and stable IDs in research/official_roster_audit_2026_10_09.json. MLSZ season2026/2027 MerkantilBankLiga full16 table at round2; roster independent ofcurrent standings rank
IRL,1,IRL-0001,League of Ireland Premier Division,2026,10,10,VERIFIED_OFFICIAL,https://d33kuhj6eu7i5b.cloudfront.net/6217/7029/1505/MEDIA_GUIDE_2026_-_FINAL_-_03.pdf,2026-10-09,,"League-authored media guide explicitly labels the 2026 season. Pages 6,8,10,12,14,16,18,20,22,24 independently supply all ten current Premier Division club profiles. The director explains Dundalk promotion. Historical 2025 statistics and honours pages are excluded."
IRL,2,IRL-0002,League of Ireland First Division,2026,10,10,VERIFIED_OFFICIAL,https://d33kuhj6eu7i5b.cloudfront.net/8417/6587/7668/SSE_Airtricity_Mens_First_Division_-_2026_Fixtures_-_Final_release.pdf,2026-10-09,,"Official League of Ireland 2026 First Division fixture release lists five opening-round fixtures and all ten clubs, repeated across the full 36-round season. The document was issued 16 December 2025 for the 2026 season; publication year is not treated as the season."
ISL,1,ISL-0001,Besta deild karla,2026,12,12,VERIFIED_OFFICIAL,https://www.ksi.is/oll-mot/mot?id=7025510,2026-10-09,,Complete independent official season roster comparison; permanent IDs retained.
ISR,1,ISR-0001,Israeli Premier League,2026-27,14,14,VERIFIED_OFFICIAL,https://www.football.org.il/Components.asmx/LeagueTable?league_id=40&season_id=28&box=20&round_id=5&componentTitle=Table,2026-10-09,,"IFA current season selector explicitly maps season_id=28 to 2026/27. The official frontend uses the public LeagueTable component with league_id=40, box=20. All 14 Hebrew team labels are individually reconciled with the existing English identities, including geographic abbreviations; official team links preserve distinguishing IDs. No provider mapping is inferred."
ISR,2,ISR-0002,Liga Leumit,2026-27,16,16,VERIFIED_OFFICIAL,https://www.football.org.il/Components.asmx/LeagueTable?league_id=45&season_id=28&box=40&round_id=8&componentTitle=Table,2026-10-09,,"IFA current season selector explicitly maps season_id=28 to 2026/27. The official frontend uses the public LeagueTable component with league_id=45, box=40. All 16 Hebrew team labels are individually reconciled with the existing English identities, including geographic abbreviations; official team links preserve distinguishing IDs. No provider mapping is inferred."
ITA,1,ITA-0001,Serie A,2026-27,20,20,VERIFIED_OFFICIAL,https://en.legaseriea.it/serie-a/news/looking-forward-to-the-2026-27-serie-a-fixture-list,2026-10-08,,
ITA,2,ITA-0002,Serie B,2026-27,20,20,VERIFIED_OFFICIAL,https://www.legab.it/seriebkt/squadre,2026-10-08,,Season confirmed by Lega B 2026/2027 20-team article.
KAZ,1,KAZ-0001,Kazakhstan Premier League,2026,16,16,VERIFIED_OFFICIAL,https://kffleague.kz/ru,2026-10-09,,Complete independent official season roster comparison; permanent IDs retained.
KOS,1,KOS-0001,Football Superleague of Kosovo,2026-27,10,10,VERIFIED_OFFICIAL,https://api.ffk-kosova.com/api/v1/standings/league/2c4745a2-d0f2-495f-aa42-18aad5b20735,2026-10-09,,"FFK official competition frontend maps Albi Mall Superliga to league ID 2c4745a2-d0f2-495f-aa42-18aad5b20735. Its anonymous standings endpoint supplies all ten current clubs. UEFA official national-association page explicitly labels the current Kosovan Superliga 2026/27; this supplies the independent season label, not the club comparison. Current FFK completed rounds are 1–7. The FFK API does not carry an explicit season field, so season alignment rests on the current official UEFA season label and current FFK league table."
LTU,1,LTU-0001,A Lyga,2026,9,9,VERIFIED_OFFICIAL,https://www.lff.lt/lygos/a-lyga-kuri-remia-topsport-2026/,2026-10-09,,Complete official current-roster crosscheck; reviewed club-by-club aliases and stable IDs in research/official_roster_audit_2026_10_09.json. First current TOPLYGA2026 table9; licence revocation explicitly excludesRiteriai
LUX,1,LUX-0001,Luxembourg National Division,2026-27,16,16,VERIFIED_OFFICIAL,https://clubee-websites-prod.s3.eu-central-1.amazonaws.com/4880/files/application/5D0832QNX49PKB7YMQ9DMWXNXC.pdf,2026-10-09,,"Complete official current-roster crosscheck; reviewed club-by-club aliases and stable IDs in research/official_roster_audit_2026_10_09.json. FLF BGL Ligue programme détaillé2026-2027, published30June2026; first-round8matches all16teams; explicitly rejectedPromotionHonneurleague11."
LVA,1,LVA-0001,Latvian Higher League,2026,10,10,VERIFIED_OFFICIAL,https://lff.lv/sacensibas/viriesi/virsliga/,2026-10-09,,Complete official current-roster crosscheck; reviewed club-by-club aliases and stable IDs in research/official_roster_audit_2026_10_09.json. LFF selected2026 table10teams and upcoming complete round32fixtures; HTMLdecodedUTF8
MDA,1,MDA-0001,Moldovan Super Liga,2026-27,8,8,VERIFIED_OFFICIAL,https://fmf.md/noutate/17425/real-sireti-va-juca-in-liga-7777-editia-202627?lang=ru,2026-10-09,,Complete independent official season roster comparison; permanent IDs retained.
MKD,1,MKD-0001,Macedonian First Football League,2026-27,10,10,VERIFIED_OFFICIAL,https://www.ffm.mk/en/natprevaruvanje/prva-mfl27/,2026-10-09,,Complete official current-roster crosscheck; reviewed club-by-club aliases and stable IDs in research/official_roster_audit_2026_10_09.json. FFM named ПрваМФЛ26/27 table all10; two Shkendija entities distinct
MLT,1,MLT-0001,Maltese Premier League,2026-27,12,12,VERIFIED_OFFICIAL,https://www.maltapremierleague.mt/,2026-10-09,,Complete official current-roster crosscheck; reviewed club-by-club aliases and stable IDs in research/official_roster_audit_2026_10_09.json. Opening2026-27 table12 + August2026 opening round all12; ignore stale2025 fixture table
MNE,1,MNE-0001,Montenegrin First League,2026-27,10,10,VERIFIED_OFFICIAL,https://fscg.me/takmicenja/meridianbet-1-cfl/,2026-10-09,,Complete official current-roster crosscheck; reviewed club-by-club aliases and stable IDs in research/official_roster_audit_2026_10_09.json. Native FSCGcurrent2026/27 competition table10 andfirst-roundAugust2026fixtures; rejected EnglishTelekom2018archive.
NIR,1,NIR-0001,NIFL Premiership,2026-27,12,12,VERIFIED_OFFICIAL,https://www.nifootballleague.com/news/2026/june/back-for-the-boyle-sports-premiership/,2026-10-09,,Complete independent official season roster comparison; permanent IDs retained.
NLD,1,NLD-0001,Eredivisie,2026-27,18,18,VERIFIED_OFFICIAL,https://eredivisie.nl/competitie/clubs/,2026-10-08,,
NLD,2,NLD-0002,Eerste Divisie,2026-27,20,20,VERIFIED_OFFICIAL,https://keukenkampioendivisie.nl/teams,2026-10-09,,Complete official current-roster crosscheck; reviewed club-by-club aliases and stable IDs in research/official_roster_audit_2026_10_09.json. Official 2026/27 competition programme publication and current teams page
NOR,1,NOR-0001,Eliteserien,2026,16,16,VERIFIED_OFFICIAL,https://www.eliteserien.no/tabell,2026-10-08,,
NOR,2,NOR-0002,Norwegian First Division,2026,16,16,VERIFIED_OFFICIAL,https://www.obos-ligaen.no/tabell,2026-10-08,,
POL,1,POL-0001,Ekstraklasa,2026-27,18,18,VERIFIED_OFFICIAL,https://ekstraklasa.org/en/standings/2026-2027/,2026-10-08,,
POL,2,POL-0002,I liga,2026-27,18,18,VERIFIED_SECONDARY,https://www.soccerassociation.com/28/index.htm,2026-10-08,Official 1liga homepage/table return HTTP 403. A PZPN season calendar cannot establish all 18 participants. Alternate official season fixture PDF returns 403; indexed fragment is not a complete eighteen-club comparison.,
PRT,1,PRT-0001,Primeira Liga,2026-27,18,18,VERIFIED_OFFICIAL,https://www.ligaportugal.pt/competition/911/liga-portugal-betclic/round/20262027?tab=standings,2026-10-09,,Complete official current-roster crosscheck; reviewed club-by-club aliases and stable IDs in research/official_roster_audit_2026_10_09.json. Official indexed standings explicitly 2026-2027; crosscheck recorded in OFFICIAL_ROSTER_CROSSCHECK_2026_10_09.md
PRT,2,PRT-0002,Liga Portugal 2,2026-27,18,18,VERIFIED_OFFICIAL,https://www.ligaportugal.pt/api/v2/competition/standings?competition=ligaportugalmeusuper&season=20262027,2026-10-09,,"Official Liga Portugal competition 912 identifies Liga Portugal Meu Super and current seasonCode=20262027; /api/v3/seasons independently labels 2026-2027 current. The official frontend requests standings with its explicit externalId=ligaportugalmeusuper (numeric 912 is not the standings key). Its public season endpoint supplies all eighteen teams, including Benfica B, Sporting CP B and FC Porto B as separate reserve identities. Names and permanent IDs are individually reconciled."
ROU,1,ROU-0001,Liga I,2026-27,16,16,VERIFIED_OFFICIAL,https://lpf.ro/liga-1,2026-10-09,,Complete official current-roster crosscheck; reviewed club-by-club aliases and stable IDs in research/official_roster_audit_2026_10_09.json. LPF SEZONUL2026–2027 current16-club Superliga table
ROU,2,ROU-0002,Liga II,2026-27,22,22,VERIFIED_OFFICIAL,https://www.frf.ro/recomandate/avancronica-etapa-9-liga-2-casa-pariurilor-runda-cu-meciuri-tari-la-reluarea-sezonului/,2026-10-09,,"Complete official roster crosscheck with preserved IDs. FRF explicitly labels season 2026-2027 and lists all eleven round-9 fixtures, confirming 22 current teams. The July composition included Hermannstadt; October current fixtures instead confirm Olimpia. No assumption about the legal replacement decision is made."
RUS,1,RUS-0001,Russian Premier League,2026-27,16,16,VERIFIED_SECONDARY,https://www.soccerassociation.com/31/index.htm,2026-10-08,The official Premierliga table presents a robot challenge; search results do not establish all 16 clubs. Official indexed table labels 2025/26; cannot substitute it for 2026/27 roster confirmation.,
SCO,1,SCO-0001,Scottish Premiership,2026-27,12,12,VERIFIED_OFFICIAL,https://spfl.co.uk/league/premiership/table,2026-10-08,,
SCO,2,SCO-0002,Scottish Championship,2026-27,10,10,VERIFIED_OFFICIAL,https://spfl.co.uk/league/championship/table,2026-10-08,,
SMR,1,SMR-0001,Campionato Sammarinese di Calcio,2026-27,16,16,VERIFIED_OFFICIAL,https://www.fsgc.sm/en/single-news/league-two-leaders-bookend-weekend-action/2395,2026-10-09,,Complete official current-roster crosscheck; reviewed club-by-club aliases and stable IDs in research/official_roster_audit_2026_10_09.json. FSGC7October2026 fullmatchday5 fixturelist8matches16clubs; season corroborated current championship
SRB,1,SRB-0001,Serbian SuperLiga,2026-27,14,14,VERIFIED_OFFICIAL,https://www.superliga.rs/en/sezona/tabela-takmicenja/,2026-10-09,,Complete official current-roster crosscheck; reviewed club-by-club aliases and stable IDs in research/official_roster_audit_2026_10_09.json. League current2026/27 table; federation season26/27 competition corroboration
SRB,2,SRB-0002,Serbian First League,2026-27,16,16,VERIFIED_OFFICIAL,https://fss.rs/takmicenje/mozzart-bet-prva-liga-srbije-26-27/?script=lat,2026-10-09,,Complete official current-roster crosscheck; reviewed club-by-club aliases and stable IDs in research/official_roster_audit_2026_10_09.json. Federation named season26/27 sixteen-club table and first-round matches
SVK,1,SVK-0001,Slovak Super Liga,2026-27,12,12,VERIFIED_OFFICIAL,https://www.nikeliga.sk/tabulka,2026-10-09,,Complete official current-roster crosscheck; reviewed club-by-club aliases and stable IDs in research/official_roster_audit_2026_10_09.json. Official UniaLigovychKlubov table selected2026/2027 all12clubfullname labels; KFKlegacyspelling preserved forKomarno.
SVK,2,SVK-0002,2 Liga,2026-27,16,16,VERIFIED_OFFICIAL,https://www.monacobetliga.sk/tabulka,2026-10-09,,Complete official current-roster crosscheck; reviewed club-by-club aliases and stable IDs in research/official_roster_audit_2026_10_09.json. Official MONACObet liga titleTabuľka2026/27; reserves ŽilinaB andSlovanU21 included
SVN,1,SVN-0001,Slovenian PrvaLiga,2026-27,10,10,VERIFIED_OFFICIAL,https://www.nzs.si/podrocja/novinarji/novice/io-nzs-potrdil-sestavo-clanskih-lig-za-sezono-202627-377793,2026-10-09,,Complete official current-roster crosscheck; reviewed club-by-club aliases and stable IDs in research/official_roster_audit_2026_10_09.json. NZS executive approved licensed firstdivision2026/27 composition18June2026
SVN,2,SVN-0002,Slovenian Second League,2026-27,16,16,VERIFIED_OFFICIAL,https://www.nzs.si/podrocja/novinarji/novice/io-nzs-potrdil-sestavo-clanskih-lig-za-sezono-202627-377793,2026-10-09,,"Complete official roster crosscheck with preserved IDs. NZS approved licensed 2026/27 composition lists all16; current NZS club directory agrees. Official NK Vrhnika history explicitly states NK Dren Vrhnika was renamed NK Vrhnika in spring2023, resolving the legacy name without replacing its ID."
SWE,1,SWE-0001,Allsvenskan,2026,16,16,VERIFIED_OFFICIAL,https://allsvenskan.se/tabell,2026-10-09,,"Official league page declares season 2026 and its gql.sportomedia.se endpoint. An anonymous read-only StandingsForLeague query with configLeagueName=allsvenskan, configSeasonStartYear=2026 and type=total supplies all sixteen names. Club abbreviations/full names are explicitly reconciled with stable IDs."
SWE,2,SWE-0002,Superettan,2026,16,16,VERIFIED_OFFICIAL,https://superettan.se/tabell,2026-10-09,,"Official league page declares season 2026 and its gql.sportomedia.se endpoint. An anonymous read-only StandingsForLeague query with configLeagueName=superettan, configSeasonStartYear=2026 and type=total supplies all sixteen names. Club abbreviations/full names are explicitly reconciled with stable IDs."
TUR,1,TUR-0001,Super Lig,2026-27,18,18,VERIFIED_OFFICIAL,https://www.tff.org/?pageID=198,2026-10-08,,
TUR,2,TUR-0002,TFF 1 Lig,2026-27,20,20,VERIFIED_OFFICIAL,https://www.tff.org/Default.aspx?pageID=142,2026-10-08,,
UKR,1,UKR-0001,Ukrainian Premier League,2026-27,16,16,VERIFIED_OFFICIAL,https://upl.ua/ua/tournaments/championship?id=432&tab=table,2026-10-09,,Complete official current-roster crosscheck; reviewed club-by-club aliases and stable IDs in research/official_roster_audit_2026_10_09.json. Official UPL tournament432 title2026/27 current table
UKR,2,UKR-0002,Ukrainian First League,2026-27,16,16,VERIFIED_OFFICIAL,https://pfl.ua/standing-json/1353,2026-10-09,,Complete official current-roster crosscheck; reviewed club-by-club aliases and stable IDs in research/official_roster_audit_2026_10_09.json. PFL public API documentation explicitly identifies1353 as current2026/27 first division
WAL,1,WAL-0001,Cymru Premier,2026-27,16,16,VERIFIED_OFFICIAL,https://d3ltsdzld9nilp.cloudfront.net/20260601165508/Mens-composition.pdf,2026-10-09,,Complete official current-roster crosscheck; reviewed club-by-club aliases and stable IDs in research/official_roster_audit_2026_10_09.json. FAW official2026-27 compositionPDF page1 Tier1 left column; visually checked promotions/relegations
