country_id,country_name,division_scope,registered_clubs,roster_complete,season_verified
ENG,England,1|2|3|4|5|6,152,NO,NO
ITA,Italy,1|2|3,20,NO,NO
ESP,Spain,1|2|3,20,NO,NO
DEU,Germany,1|2|3,18,NO,NO
FRA,France,1|2|3,7,NO,NO
NLD,Netherlands,1|2|3,6,NO,NO
PRT,Portugal,1|2|3,5,NO,NO
BEL,Belgium,1|2,13,NO,NO
TUR,Turkey,1|2,12,NO,NO
CZE,Czechia,1|2,10,NO,NO
GRC,Greece,1|2,10,NO,NO
NOR,Norway,1|2,10,NO,NO
POL,Poland,1|2,10,NO,NO
DNK,Denmark,1|2,10,NO,NO
SCO,Scotland,1|2,12,NO,NO
CHE,Switzerland,1|2,10,NO,NO
AUT,Austria,1|2,10,NO,NO
SWE,Sweden,1|2,10,NO,NO
HRV,Croatia,1|2,10,NO,NO
SRB,Serbia,1|2,10,NO,NO
UKR,Ukraine,1|2,10,NO,NO
CYP,Cyprus,1|2,7,NO,NO
ISR,Israel,1|2,8,NO,NO
HUN,Hungary,1|2,8,NO,NO
ROU,Romania,1|2,8,NO,NO
SVK,Slovakia,1|2,8,NO,NO
SVN,Slovenia,1|2,8,NO,NO
BGR,Bulgaria,1|2,8,NO,NO
AZE,Azerbaijan,1|2,8,NO,NO
IRL,Ireland,1|2,8,NO,NO
FIN,Finland,1|2,8,NO,NO
ISL,Iceland,1,8,NO,NO
BIH,Bosnia and Herzegovina,1,8,NO,NO
KAZ,Kazakhstan,1,8,NO,NO
MDA,Moldova,1,8,NO,NO
KOS,Kosovo,1,8,NO,NO
ARM,Armenia,1,7,NO,NO
GEO,Georgia,1,8,NO,NO
LVA,Latvia,1,8,NO,NO
LTU,Lithuania,1,8,NO,NO
EST,Estonia,1,8,NO,NO
ALB,Albania,1,8,NO,NO
MNE,Montenegro,1,8,NO,NO
MKD,North Macedonia,1,8,NO,NO
BLR,Belarus,1,8,NO,NO
MLT,Malta,1,7,NO,NO
NIR,Northern Ireland,1,8,NO,NO
WAL,Wales,1,8,NO,NO
LUX,Luxembourg,1,8,NO,NO
FRO,Faroe Islands,1,8,NO,NO
GIB,Gibraltar,1,8,NO,NO
AND,Andorra,1,8,NO,NO
SMR,San Marino,1,8,NO,NO
LIE,Liechtenstein,1,7,NO,NO
RUS,Russia,1,8,NO,NO
