association_id,source_name,club_id,assignment_basis
ALB,AF Elbasani,ALB-AFE,NEW_RESERVED
ALB,Dinamo City,ALB-DIN,REUSED_EXISTING
ALB,Egnatia,ALB-EGN,REUSED_EXISTING
ALB,Laçi,ALB-LAC,NEW_RESERVED
ALB,Partizani,ALB-PAR,REUSED_EXISTING
ALB,Skënderbeu,ALB-SKN,REUSED_EXISTING
ALB,Teuta,ALB-TEU,REUSED_EXISTING
ALB,Tirana,ALB-TIR,REUSED_EXISTING
ALB,Vllaznia,ALB-VLL,REUSED_EXISTING
ALB,Vora,ALB-VOR,NEW_RESERVED
AND,Atletic Escaldes,AND-ATL,REUSED_EXISTING
AND,Carroi,AND-CAR,REUSED_EXISTING
AND,Casa de Portugal,AND-CAS,NEW_RESERVED
AND,Esperanca,AND-ESP,NEW_RESERVED
AND,FC Ranger's,AND-RAN,REUSED_EXISTING
AND,FC Santa Coloma,AND-SCO,REUSED_EXISTING
AND,Inter Escaldes,AND-INT,REUSED_EXISTING
AND,Ordino,AND-ORD,REUSED_EXISTING
AND,Penya Encarnada,AND-PEN,REUSED_EXISTING
AND,Sporting Escaldes,AND-SPO,NEW_RESERVED
ARM,Alashkert,ARM-ALA,REUSED_EXISTING
ARM,Ararat,ARM-ARB,NEW_RESERVED
ARM,Ararat-Armenia,ARM-ARA,REUSED_EXISTING
ARM,BKMA Yerevan,ARM-BKM,NEW_RESERVED
ARM,Gandzasar,ARM-GAN,NEW_RESERVED
ARM,Noah,ARM-NOA,REUSED_EXISTING
ARM,Pyunik,ARM-PYU,REUSED_EXISTING
ARM,Sardarapat,ARM-SAR,NEW_RESERVED
ARM,Shirak,ARM-SHI,REUSED_EXISTING
ARM,Syunik,ARM-SYU,NEW_RESERVED
ARM,Urartu,ARM-URA,REUSED_EXISTING
ARM,Van,ARM-VAN,REUSED_EXISTING
AUT,ASK Voitsberg,AUT-ASK,NEW_RESERVED
AUT,Admira,AUT-ADM,NEW_RESERVED
AUT,Austria Lustenau,AUT-AUS,NEW_RESERVED
AUT,Austria Salzburg,AUT-AUB,NEW_RESERVED
AUT,Blau-Weiss Linz,AUT-BWL,REUSED_EXISTING
AUT,FAC,AUT-FAC,NEW_RESERVED
AUT,FC Liefering,AUT-LIE,NEW_RESERVED
AUT,FC Salzburg,AUT-RBS,REUSED_EXISTING
AUT,FK Austria,AUT-FAK,REUSED_EXISTING
AUT,FK Austria[A],AUT-AUA,NEW_RESERVED
AUT,GAK,AUT-GAK,NEW_RESERVED
AUT,Hertha Wels,AUT-HER,NEW_RESERVED
AUT,Kapfenberg,AUT-KAP,NEW_RESERVED
AUT,LASK,AUT-LAS,REUSED_EXISTING
AUT,SCR Altach,AUT-ALT,REUSED_EXISTING
AUT,SK Rapid Wien,AUT-RAP,REUSED_EXISTING
AUT,SK Rapid Wien[A],AUT-RAA,NEW_RESERVED
AUT,SK Sturm Graz,AUT-STU,REUSED_EXISTING
AUT,SK Sturm Graz[A],AUT-STA,NEW_RESERVED
AUT,SKN St.Pölten,AUT-SKN,NEW_RESERVED
AUT,SKU Amstetten,AUT-SKU,NEW_RESERVED
AUT,SV Ried,AUT-SVR,NEW_RESERVED
AUT,SW Bregenz,AUT-SWB,NEW_RESERVED
AUT,TSV Hartberg,AUT-HAR,REUSED_EXISTING
AUT,Vienna,AUT-VIE,NEW_RESERVED
AUT,WSG Tirol,AUT-WSG,REUSED_EXISTING
AUT,Wacker Innsbruck,AUT-WAA,NEW_RESERVED
AUT,Wolfsberger AC,AUT-WAC,REUSED_EXISTING
AZE,Araz-Naxçıvan PFK,AZE-ARA,NEW_RESERVED
AZE,Baku Sportinq FK,AZE-BAK,NEW_RESERVED
AZE,Cəbrayıl FK,AZE-CBR,NEW_RESERVED
AZE,Energetik FK,AZE-ENE,NEW_RESERVED
AZE,FK MOIK Baku,AZE-MOI,NEW_RESERVED
AZE,FK Zaqatala,AZE-ZAQ,NEW_RESERVED
AZE,Imişli,AZE-IMI,NEW_RESERVED
AZE,Kapaz,AZE-KAP,REUSED_EXISTING
AZE,Karvan FK,AZE-KAR,NEW_RESERVED
AZE,Neftçi,AZE-NEF,REUSED_EXISTING
AZE,Qabala,AZE-QAB,NEW_RESERVED
AZE,Qarabag,AZE-QAR,REUSED_EXISTING
AZE,Sabah,AZE-SAB,REUSED_EXISTING
AZE,Sabail FK,AZE-SAA,NEW_RESERVED
AZE,Shafa Baku,AZE-SHB,NEW_RESERVED
AZE,Shahdag Qusar FK,AZE-SHC,NEW_RESERVED
AZE,Sumqayit,AZE-SUM,REUSED_EXISTING
AZE,Turan,AZE-TUR,REUSED_EXISTING
AZE,Xankəndi FK,AZE-XAN,NEW_RESERVED
AZE,Zira,AZE-ZIR,REUSED_EXISTING
AZE,Şamaxı,AZE-SHA,REUSED_EXISTING
AZE,Şimal FC,AZE-SIM,NEW_RESERVED
BEL,Beerschot,BEL-BEE,NEW_RESERVED
BEL,Cercle Brugge,BEL-CER,REUSED_EXISTING
BEL,Club Brugge,BEL-BRU,REUSED_EXISTING
BEL,Club NXT,BEL-CLU,NEW_RESERVED
BEL,FCV Dender EH,BEL-FCV,NEW_RESERVED
BEL,Francs Borains,BEL-FRA,NEW_RESERVED
BEL,Jong Genk,BEL-JON,NEW_RESERVED
BEL,Jong KAA Gent,BEL-JOA,NEW_RESERVED
BEL,KAA Gent,BEL-GNT,REUSED_EXISTING
BEL,KAS Eupen,BEL-KAS,NEW_RESERVED
BEL,KRC Genk,BEL-GEN,REUSED_EXISTING
BEL,KSC Lokeren,BEL-KSC,NEW_RESERVED
BEL,KV Kortrijk,BEL-KVK,NEW_RESERVED
BEL,KV Mechelen,BEL-MEC,REUSED_EXISTING
BEL,KVC Westerlo,BEL-WES,REUSED_EXISTING
BEL,Lierse,BEL-LIE,NEW_RESERVED
BEL,Lommel SK,BEL-LOM,NEW_RESERVED
BEL,OH Leuven,BEL-LEU,REUSED_EXISTING
BEL,Patro Eisden,BEL-PAT,NEW_RESERVED
BEL,RAAL La Louviere,BEL-RAA,NEW_RESERVED
BEL,RFC Liege,BEL-RFC,NEW_RESERVED
BEL,RFC Seraing,BEL-RFA,NEW_RESERVED
BEL,RSC Anderlecht,BEL-AND,REUSED_EXISTING
BEL,RSCA Futures,BEL-RSC,NEW_RESERVED
BEL,Royal Antwerp FC,BEL-ANT,REUSED_EXISTING
BEL,SK Beveren,BEL-BEV,NEW_RESERVED
BEL,Sint-Truiden,BEL-STT,REUSED_EXISTING
BEL,Sporting Charleroi,BEL-CHA,REUSED_EXISTING
BEL,Sporting Hasselt,BEL-SPO,NEW_RESERVED
BEL,Standard Liege,BEL-STA,REUSED_EXISTING
BEL,Union Saint-Gilloise,BEL-USG,REUSED_EXISTING
BEL,Virton,BEL-VIR,NEW_RESERVED
BEL,Zulte Waregem,BEL-ZUL,NEW_RESERVED
BGR,Arda,BGR-ARD,NEW_RESERVED
BGR,Beroe,BGR-BER,REUSED_EXISTING
BGR,Botev Plovdiv,BGR-BOT,REUSED_EXISTING
BGR,Botev Vratsa,BGR-BOA,NEW_RESERVED
BGR,CSKA,BGR-CSK,REUSED_EXISTING
BGR,CSKA 1948,BGR-CSS,REUSED_EXISTING
BGR,CSKA B,BGR-CSA,NEW_RESERVED
BGR,Cherno More,BGR-CHM,REUSED_EXISTING
BGR,Chernomorets 1919,BGR-CHE,NEW_RESERVED
BGR,Dobrudzha,BGR-DOB,NEW_RESERVED
BGR,Dunav Ruse,BGR-DUN,NEW_RESERVED
BGR,Etar,BGR-ETA,NEW_RESERVED
BGR,Fratria,BGR-FRA,NEW_RESERVED
BGR,Hebar,BGR-HEB,NEW_RESERVED
BGR,Levski,BGR-LEV,REUSED_EXISTING
BGR,Lokomotiv Gorna,BGR-LOB,NEW_RESERVED
BGR,Lokomotiv Plovdiv,BGR-LOK,REUSED_EXISTING
BGR,Lokomotiv Sofia,BGR-LOA,NEW_RESERVED
BGR,Ludogorets,BGR-LUD,REUSED_EXISTING
BGR,Ludogorets B,BGR-LUA,NEW_RESERVED
BGR,Marek,BGR-MAR,NEW_RESERVED
BGR,Montana,BGR-MON,NEW_RESERVED
BGR,Nesebar,BGR-NES,NEW_RESERVED
BGR,Pirin Blagoevgrad,BGR-PIR,NEW_RESERVED
BGR,Rilski sportist,BGR-RIL,NEW_RESERVED
BGR,Septemvri Sofia,BGR-SEP,NEW_RESERVED
BGR,Slavia,BGR-SLA,NEW_RESERVED
BGR,Spartak Pleven,BGR-SPB,NEW_RESERVED
BGR,Spartak Varna,BGR-SPA,NEW_RESERVED
BGR,Sportist Svoge,BGR-SPO,NEW_RESERVED
BGR,Vihren,BGR-VIH,NEW_RESERVED
BGR,Yantra,BGR-YAN,NEW_RESERVED
BIH,BSK,BIH-BSK,NEW_RESERVED
BIH,Borac Banja Luka,BIH-BOR,REUSED_EXISTING
BIH,Radnik Bijeljina,BIH-RAD,NEW_RESERVED
BIH,Sarajevo,BIH-SAR,REUSED_EXISTING
BIH,Sloga Doboj,BIH-SLA,NEW_RESERVED
BIH,Velež,BIH-VEL,REUSED_EXISTING
BIH,Zrinjski,BIH-ZRI,REUSED_EXISTING
BIH,Čelik,BIH-CEL,NEW_RESERVED
BIH,Široki Brijeg,BIH-SIK,REUSED_EXISTING
BIH,Željezničar,BIH-ZEL,REUSED_EXISTING
BLR,Arsenal,BLR-ARS,NEW_RESERVED
BLR,BATE,BLR-BAT,REUSED_EXISTING
BLR,Baranovichi,BLR-BAR,NEW_RESERVED
BLR,Belshina,BLR-BEL,NEW_RESERVED
BLR,Dinamo Minsk,BLR-DIN,REUSED_EXISTING
BLR,Dnepr,BLR-DNE,NEW_RESERVED
BLR,Dynamo Brest,BLR-DYN,NEW_RESERVED
BLR,Gomel,BLR-GOM,REUSED_EXISTING
BLR,Isloch,BLR-ISL,REUSED_EXISTING
BLR,Maxline Vitebsk,BLR-MAX,NEW_RESERVED
BLR,Minsk,BLR-MIN,REUSED_EXISTING
BLR,Naftan,BLR-NAF,NEW_RESERVED
BLR,Neman Grodno,BLR-NEM,REUSED_EXISTING
BLR,Slavia Mozyr,BLR-SLA,REUSED_EXISTING
BLR,Torpedo-BelAZ,BLR-TOR,REUSED_EXISTING
BLR,Vitebsk,BLR-VIT,NEW_RESERVED
CHE,Aarau,CHE-AAR,NEW_RESERVED
CHE,FC Basel,CHE-BAS,REUSED_EXISTING
CHE,FC Zürich,CHE-ZUR,REUSED_EXISTING
CHE,Grasshoppers,CHE-GRA,REUSED_EXISTING
CHE,Lausanne,CHE-LAU,REUSED_EXISTING
CHE,Lugano,CHE-LUG,REUSED_EXISTING
CHE,Luzern,CHE-LUC,REUSED_EXISTING
CHE,NE Xamax,CHE-NEX,NEW_RESERVED
CHE,Rapperswil-Jona,CHE-RAP,NEW_RESERVED
CHE,SC Kriens,CHE-KRI,NEW_RESERVED
CHE,Servette,CHE-SER,REUSED_EXISTING
CHE,Sion,CHE-SIO,NEW_RESERVED
CHE,St.Gallen,CHE-STG,REUSED_EXISTING
CHE,Stade Lausanne,CHE-STA,NEW_RESERVED
CHE,Stade Nyonnais,CHE-STB,NEW_RESERVED
CHE,Thun,CHE-THU,NEW_RESERVED
CHE,Vaduz,LIE-VAD,REUSED_EXISTING
CHE,Wil,CHE-WIL,NEW_RESERVED
CHE,Winterthur,CHE-WIN,REUSED_EXISTING
CHE,Young Boys,CHE-BSC,REUSED_EXISTING
CHE,Yverdon,CHE-YVE,NEW_RESERVED
CHE,Étoile Carouge,CHE-ETO,NEW_RESERVED
CYP,AEK,CYP-AEK,REUSED_EXISTING
CYP,AEL,CYP-AEL,REUSED_EXISTING
CYP,AEP Polemidion,CYP-AEP,NEW_RESERVED
CYP,APEA,CYP-APE,NEW_RESERVED
CYP,APOEL,CYP-APO,REUSED_EXISTING
CYP,ASIL,CYP-ASI,NEW_RESERVED
CYP,Akritas,CYP-AKR,NEW_RESERVED
CYP,Anagennisi Derynia,CYP-ANA,NEW_RESERVED
CYP,Anorthosis,CYP-ANO,REUSED_EXISTING
CYP,Apollon,CYP-APA,NEW_RESERVED
CYP,Aris,CYP-ARI,REUSED_EXISTING
CYP,Ayia Napa,CYP-AYI,NEW_RESERVED
CYP,Chalkanoras,CYP-CHA,NEW_RESERVED
CYP,Digenis,CYP-DIG,NEW_RESERVED
CYP,Doxa,CYP-DOX,NEW_RESERVED
CYP,ENP,CYP-ENP,NEW_RESERVED
CYP,Ermis,CYP-ERM,NEW_RESERVED
CYP,Ethnikos Achna,CYP-ETH,NEW_RESERVED
CYP,Iraklis,CYP-IRA,NEW_RESERVED
CYP,Karmiotissa,CYP-KAR,NEW_RESERVED
CYP,MEAP,CYP-MEA,NEW_RESERVED
CYP,Nea Salamina,CYP-NEA,NEW_RESERVED
CYP,Olympiakos,CYP-OLY,NEW_RESERVED
CYP,Omonia,CYP-OMO,REUSED_EXISTING
CYP,Omonia 29th May,CYP-OMB,NEW_RESERVED
CYP,Omonia Aradippou,CYP-OMA,NEW_RESERVED
CYP,PAEEK,CYP-PAE,NEW_RESERVED
CYP,Pafos FC,CYP-PAF,REUSED_EXISTING
CYP,Spartakos,CYP-SPA,NEW_RESERVED
CYP,Ypsonas,CYP-YPS,NEW_RESERVED
CZE,Arsenal Ceska Lipa,CZE-ARS,NEW_RESERVED
CZE,Artis Brno,CZE-ART,NEW_RESERVED
CZE,Banik Ostrava,CZE-BAN,REUSED_EXISTING
CZE,Banik Ostrava B,CZE-BAA,NEW_RESERVED
CZE,Bohemians 1905,CZE-BOH,NEW_RESERVED
CZE,Dukla Prague,CZE-DUK,NEW_RESERVED
CZE,FK Jablonec,CZE-JAB,REUSED_EXISTING
CZE,FK Teplice,CZE-TEP,REUSED_EXISTING
CZE,Hanacka Slavia Kromeriz,CZE-HAN,NEW_RESERVED
CZE,Hradec Kralove,CZE-HRA,NEW_RESERVED
CZE,Karvina,CZE-KAR,NEW_RESERVED
CZE,Kladno,CZE-KLA,NEW_RESERVED
CZE,Mlada Boleslav,CZE-MLB,REUSED_EXISTING
CZE,Opava,CZE-OPA,NEW_RESERVED
CZE,Pardubice,CZE-PAR,NEW_RESERVED
CZE,Pribram,CZE-PRI,NEW_RESERVED
CZE,Prostejov,CZE-PRO,NEW_RESERVED
CZE,Sigma Olomouc,CZE-SIG,REUSED_EXISTING
CZE,Slavia Prague,CZE-SLA,REUSED_EXISTING
CZE,Slavia Prague B,CZE-SLB,NEW_RESERVED
CZE,Slovacko,CZE-SLO,REUSED_EXISTING
CZE,Slovan Liberec,CZE-LIB,REUSED_EXISTING
CZE,Sparta Prague,CZE-SPA,REUSED_EXISTING
CZE,Taborsko,CZE-TAB,NEW_RESERVED
CZE,Trinec,CZE-TRI,NEW_RESERVED
CZE,Usti nad Labem,CZE-UST,NEW_RESERVED
CZE,Viktoria Plzen,CZE-PLZ,REUSED_EXISTING
CZE,Viktoria Zizkov,CZE-VIK,NEW_RESERVED
CZE,Vlasim,CZE-VLA,NEW_RESERVED
CZE,Vysocina Jihlava,CZE-VYS,NEW_RESERVED
CZE,Zbrojovka Brno,CZE-ZBR,NEW_RESERVED
CZE,Zlin,CZE-ZLI,NEW_RESERVED
DEU,Arminia Bielefeld,DEU-ARM,NEW_RESERVED
DEU,Bayer Leverkusen,DEU-LEV,REUSED_EXISTING
DEU,Bayern Munich,DEU-BAY,REUSED_EXISTING
DEU,Borussia Dortmund,DEU-BVB,REUSED_EXISTING
DEU,Borussia Monchengladbach,DEU-BMG,REUSED_EXISTING
DEU,Darmstadt 98,DEU-DAR,NEW_RESERVED
DEU,Dynamo Dresden,DEU-DYN,NEW_RESERVED
DEU,Eintracht Braunschweig,DEU-EIN,NEW_RESERVED
DEU,Eintracht Frankfurt,DEU-SGE,REUSED_EXISTING
DEU,Energie Cottbus,DEU-ENE,NEW_RESERVED
DEU,FC Augsburg,DEU-FCA,REUSED_EXISTING
DEU,FC Koln,DEU-KOE,REUSED_EXISTING
DEU,Greuther Furth,DEU-GRE,NEW_RESERVED
DEU,Hamburger SV,DEU-HSV,REUSED_EXISTING
DEU,Hannover 96,DEU-HAN,NEW_RESERVED
DEU,Heidenheim,DEU-HDH,REUSED_EXISTING
DEU,Hertha Berlin,DEU-HER,NEW_RESERVED
DEU,Hoffenheim,DEU-TSG,REUSED_EXISTING
DEU,Holstein Kiel,DEU-HOL,NEW_RESERVED
DEU,Kaiserslautern,DEU-KAI,NEW_RESERVED
DEU,Karlsruher SC,DEU-KAR,NEW_RESERVED
DEU,Magdeburg,DEU-MAG,NEW_RESERVED
DEU,Mainz 05,DEU-MAI,REUSED_EXISTING
DEU,Nurnberg,DEU-NUR,NEW_RESERVED
DEU,RB Leipzig,DEU-RBL,REUSED_EXISTING
DEU,SC Freiburg,DEU-SCF,REUSED_EXISTING
DEU,SC Paderborn,DEU-PAD,NEW_RESERVED
DEU,SV Elversberg,DEU-SVE,NEW_RESERVED
DEU,Schalke 04,DEU-SCH,NEW_RESERVED
DEU,St Pauli,DEU-STP,REUSED_EXISTING
DEU,Union Berlin,DEU-FCU,REUSED_EXISTING
DEU,VfB Stuttgart,DEU-VFB,REUSED_EXISTING
DEU,VfL Bochum,DEU-VFL,NEW_RESERVED
DEU,VfL Osnabruck,DEU-VFA,NEW_RESERVED
DEU,VfL Wolfsburg,DEU-WOB,REUSED_EXISTING
DEU,Werder Bremen,DEU-SVW,REUSED_EXISTING
DNK,AB,DNK-ABX,NEW_RESERVED
DNK,AC Horsens,DNK-HOR,NEW_RESERVED
DNK,AGF Aarhus,DNK-AGF,REUSED_EXISTING
DNK,AaB,DNK-AAB,NEW_RESERVED
DNK,Aarhus Fremad,DNK-AAR,NEW_RESERVED
DNK,Brondby IF,DNK-BIF,REUSED_EXISTING
DNK,Esbjerg,DNK-ESB,NEW_RESERVED
DNK,FC Copenhagen,DNK-FCK,REUSED_EXISTING
DNK,FC Fredericia,DNK-FRE,NEW_RESERVED
DNK,FC Midtjylland,DNK-FCM,REUSED_EXISTING
DNK,FC Nordsjaelland,DNK-NOR,REUSED_EXISTING
DNK,HB Koge,DNK-HBK,NEW_RESERVED
DNK,Hillerod,DNK-HIL,NEW_RESERVED
DNK,Hobro,DNK-HOB,NEW_RESERVED
DNK,Hvidovre,DNK-HVI,NEW_RESERVED
DNK,Kolding IF,DNK-KOL,NEW_RESERVED
DNK,Lyngby,DNK-LYN,NEW_RESERVED
DNK,Odense BK,DNK-OBK,REUSED_EXISTING
DNK,Randers FC,DNK-RAN,REUSED_EXISTING
DNK,Silkeborg IF,DNK-SIL,REUSED_EXISTING
DNK,Sonderjyske,DNK-SON,NEW_RESERVED
DNK,Vejle BK,DNK-VEJ,REUSED_EXISTING
DNK,Vendsyssel,DNK-VEN,NEW_RESERVED
DNK,Viborg FF,DNK-VIB,REUSED_EXISTING
ENG,AFC Bournemouth,ENG-BOU,REUSED_EXISTING
ENG,AFC Wimbledon,ENG-WIM,REUSED_EXISTING
ENG,Accrington Stanley,ENG-ACC,REUSED_EXISTING
ENG,Arsenal FC,ENG-ARS,REUSED_EXISTING
ENG,Aston Villa,ENG-AST,REUSED_EXISTING
ENG,Barnet,ENG-BAR,REUSED_EXISTING
ENG,Barnsley,ENG-BAA,REUSED_EXISTING
ENG,Birmingham City,ENG-BIR,REUSED_EXISTING
ENG,Blackburn Rovers,ENG-BLA,REUSED_EXISTING
ENG,Blackpool,ENG-BAC,REUSED_EXISTING
ENG,Bolton Wanderers,ENG-BOL,REUSED_EXISTING
ENG,Bradford City,ENG-BRA,REUSED_EXISTING
ENG,Brentford FC,ENG-BRE,REUSED_EXISTING
ENG,Brighton & Hove Albion,ENG-BRI,REUSED_EXISTING
ENG,Bristol City,ENG-BAD,REUSED_EXISTING
ENG,Bristol Rovers,ENG-BRR,REUSED_EXISTING
ENG,Bromley,ENG-BRO,REUSED_EXISTING
ENG,Burnley,ENG-BUR,REUSED_EXISTING
ENG,Burton Albion,ENG-BUA,REUSED_EXISTING
ENG,Cambridge United,ENG-CAM,REUSED_EXISTING
ENG,Cardiff City,ENG-CAR,REUSED_EXISTING
ENG,Charlton Athletic,ENG-CHA,REUSED_EXISTING
ENG,Chelsea FC,ENG-CFC,REUSED_EXISTING
ENG,Cheltenham Town,ENG-CHE,REUSED_EXISTING
ENG,Chesterfield,ENG-CAB,REUSED_EXISTING
ENG,Colchester United,ENG-COL,REUSED_EXISTING
ENG,Coventry City,ENG-COV,REUSED_EXISTING
ENG,Crawley Town,ENG-CRA,REUSED_EXISTING
ENG,Crewe Alexandra,ENG-CRE,REUSED_EXISTING
ENG,Crystal Palace,ENG-CRY,REUSED_EXISTING
ENG,Derby County,ENG-DER,REUSED_EXISTING
ENG,Doncaster Rovers,ENG-DON,REUSED_EXISTING
ENG,Everton FC,ENG-EVE,REUSED_EXISTING
ENG,Exeter City,ENG-EXE,REUSED_EXISTING
ENG,Fleetwood Town,ENG-FLE,REUSED_EXISTING
ENG,Fulham FC,ENG-FUL,REUSED_EXISTING
ENG,Gillingham,ENG-GIL,REUSED_EXISTING
ENG,Grimsby Town,ENG-GRI,REUSED_EXISTING
ENG,Huddersfield Town,ENG-HUD,REUSED_EXISTING
ENG,Hull City,ENG-HUL,REUSED_EXISTING
ENG,Ipswich Town,ENG-IPS,REUSED_EXISTING
ENG,Leeds United,ENG-LEE,REUSED_EXISTING
ENG,Leicester City,ENG-LEI,REUSED_EXISTING
ENG,Leyton Orient,ENG-LEY,REUSED_EXISTING
ENG,Lincoln City,ENG-LIN,REUSED_EXISTING
ENG,Liverpool FC,ENG-LFC,REUSED_EXISTING
ENG,Luton Town,ENG-LUT,REUSED_EXISTING
ENG,Manchester City,ENG-MCI,REUSED_EXISTING
ENG,Manchester United,ENG-MUN,REUSED_EXISTING
ENG,Mansfield Town,ENG-MAN,REUSED_EXISTING
ENG,Middlesbrough,ENG-MID,REUSED_EXISTING
ENG,Millwall,ENG-MIL,REUSED_EXISTING
ENG,Milton Keynes Dons,ENG-MKD,REUSED_EXISTING
ENG,Newcastle United,ENG-NEW,REUSED_EXISTING
ENG,Newport County,ENG-NEC,REUSED_EXISTING
ENG,Northampton Town,ENG-NOR,REUSED_EXISTING
ENG,Norwich City,ENG-NAA,REUSED_EXISTING
ENG,Nottingham Forest,ENG-NOT,REUSED_EXISTING
ENG,Notts County,ENG-NOC,REUSED_EXISTING
ENG,Oldham Athletic,ENG-OLD,REUSED_EXISTING
ENG,Oxford United,ENG-OXF,REUSED_EXISTING
ENG,Peterborough United,ENG-PET,REUSED_EXISTING
ENG,Plymouth Argyle,ENG-PLY,REUSED_EXISTING
ENG,Port Vale,ENG-POR,REUSED_EXISTING
ENG,Portsmouth,ENG-PAA,REUSED_EXISTING
ENG,Preston North End,ENG-PRE,REUSED_EXISTING
ENG,Queens Park Rangers,ENG-QUE,REUSED_EXISTING
ENG,Reading,ENG-REA,REUSED_EXISTING
ENG,Rochdale,ENG-ROC,REUSED_EXISTING
ENG,Rotherham United,ENG-ROT,REUSED_EXISTING
ENG,Salford City,ENG-SAL,REUSED_EXISTING
ENG,Sheffield United,ENG-SHE,REUSED_EXISTING
ENG,Sheffield Wednesday,ENG-SHW,REUSED_EXISTING
ENG,Shrewsbury Town,ENG-SHR,REUSED_EXISTING
ENG,Southampton,ENG-SOU,REUSED_EXISTING
ENG,Stevenage,ENG-STE,REUSED_EXISTING
ENG,Stockport County,ENG-STO,REUSED_EXISTING
ENG,Stoke City,ENG-SAB,REUSED_EXISTING
ENG,Sunderland,ENG-SUN,REUSED_EXISTING
ENG,Swansea City,ENG-SWA,REUSED_EXISTING
ENG,Swindon Town,ENG-SWI,REUSED_EXISTING
ENG,Tottenham Hotspur,ENG-TOT,REUSED_EXISTING
ENG,Tranmere Rovers,ENG-TRA,REUSED_EXISTING
ENG,Walsall,ENG-WAL,REUSED_EXISTING
ENG,Watford,ENG-WAT,REUSED_EXISTING
ENG,West Bromwich Albion,ENG-WES,REUSED_EXISTING
ENG,West Ham United,ENG-WEH,REUSED_EXISTING
ENG,Wigan Athletic,ENG-WIG,REUSED_EXISTING
ENG,Wolverhampton Wanderers,ENG-WOL,REUSED_EXISTING
ENG,Wrexham,ENG-WRE,REUSED_EXISTING
ENG,Wycombe Wanderers,ENG-WYC,REUSED_EXISTING
ENG,York City,ENG-YOR,REUSED_EXISTING
ESP,AD Ceuta,ESP-ADC,NEW_RESERVED
ESP,Albacete,ESP-ALB,NEW_RESERVED
ESP,Almeria,ESP-ALM,NEW_RESERVED
ESP,Athletic Club,ESP-ATH,REUSED_EXISTING
ESP,Atletico Madrid,ESP-ATM,REUSED_EXISTING
ESP,Burgos,ESP-BUR,NEW_RESERVED
ESP,Cadiz,ESP-CAD,NEW_RESERVED
ESP,Castellon,ESP-CAS,NEW_RESERVED
ESP,Celta Fortuna,ESP-CEA,NEW_RESERVED
ESP,Celta Vigo,ESP-CEL,REUSED_EXISTING
ESP,Cordoba,ESP-COR,NEW_RESERVED
ESP,Deportivo Alaves,ESP-ALA,REUSED_EXISTING
ESP,Deportivo La Coruna,ESP-DEP,NEW_RESERVED
ESP,Eibar,ESP-EIB,NEW_RESERVED
ESP,Elche,ESP-ELC,REUSED_EXISTING
ESP,Eldense,ESP-ELD,NEW_RESERVED
ESP,Espanyol,ESP-ESP,REUSED_EXISTING
ESP,FC Andorra,AND-AND,NEW_RESERVED
ESP,FC Barcelona,ESP-FCB,REUSED_EXISTING
ESP,Getafe,ESP-GET,REUSED_EXISTING
ESP,Girona,ESP-GIR,REUSED_EXISTING
ESP,Granada,ESP-GRA,NEW_RESERVED
ESP,Las Palmas,ESP-LAS,NEW_RESERVED
ESP,Leganes,ESP-LEG,NEW_RESERVED
ESP,Levante,ESP-LEV,REUSED_EXISTING
ESP,Malaga,ESP-MAA,NEW_RESERVED
ESP,Mallorca,ESP-MAL,REUSED_EXISTING
ESP,Osasuna,ESP-OSA,REUSED_EXISTING
ESP,Racing Santander,ESP-RAC,NEW_RESERVED
ESP,Rayo Vallecano,ESP-RAY,REUSED_EXISTING
ESP,Real Betis,ESP-BET,REUSED_EXISTING
ESP,Real Madrid,ESP-RMA,REUSED_EXISTING
ESP,Real Oviedo,ESP-OVI,REUSED_EXISTING
ESP,Real Sociedad,ESP-RSO,REUSED_EXISTING
ESP,Real Sociedad B,ESP-REA,NEW_RESERVED
ESP,Real Valladolid,ESP-REB,NEW_RESERVED
ESP,Sabadell,ESP-SAB,NEW_RESERVED
ESP,Sevilla,ESP-SEV,REUSED_EXISTING
ESP,Sporting Gijon,ESP-SPO,NEW_RESERVED
ESP,Tenerife,ESP-TEN,NEW_RESERVED
ESP,Valencia,ESP-VAL,REUSED_EXISTING
ESP,Villarreal,ESP-VIL,REUSED_EXISTING
EST,Flora,EST-FLO,REUSED_EXISTING
EST,Harju JK Laagri,EST-HAR,NEW_RESERVED
EST,Kuressaare,EST-KUR,REUSED_EXISTING
EST,Levadia Tallinn,EST-LEV,REUSED_EXISTING
EST,Nõmme Kalju,EST-KAL,REUSED_EXISTING
EST,Nõmme United,EST-NOM,NEW_RESERVED
EST,Paide Linnameeskond,EST-PAI,REUSED_EXISTING
EST,Pärnu,EST-VAP,REUSED_EXISTING
EST,Tartu Tammeka,EST-TAM,REUSED_EXISTING
EST,Trans Narva,EST-NAR,REUSED_EXISTING
FIN,AC Oulu,FIN-OUL,NEW_RESERVED
FIN,EIF,FIN-EIF,NEW_RESERVED
FIN,FC Haka,FIN-HAK,NEW_RESERVED
FIN,FC Inter,FIN-INT,REUSED_EXISTING
FIN,FC Lahti,FIN-LAH,NEW_RESERVED
FIN,FF Jaro,FIN-FFJ,NEW_RESERVED
FIN,Gnistan,FIN-GNI,NEW_RESERVED
FIN,HJK,FIN-HJK,REUSED_EXISTING
FIN,IFK Mariehamn,FIN-MAR,REUSED_EXISTING
FIN,Ilves,FIN-ILV,REUSED_EXISTING
FIN,JIPPO,FIN-JIP,NEW_RESERVED
FIN,JäPS,FIN-JAP,NEW_RESERVED
FIN,KTP,FIN-KTP,NEW_RESERVED
FIN,Klubi-04,FIN-KLU,NEW_RESERVED
FIN,KuPS,FIN-KUP,REUSED_EXISTING
FIN,KäPa,FIN-KAP,NEW_RESERVED
FIN,MP,FIN-MPX,NEW_RESERVED
FIN,PK-35,FIN-PKX,NEW_RESERVED
FIN,SJK Akatemia,FIN-SJA,NEW_RESERVED
FIN,Seinäjoen JK,FIN-SJK,REUSED_EXISTING
FIN,TPS,FIN-TPS,NEW_RESERVED
FIN,VPS,FIN-VPS,REUSED_EXISTING
FRA,Angers,FRA-ANG,REUSED_EXISTING
FRA,Annecy,FRA-ANN,NEW_RESERVED
FRA,Auxerre,FRA-AUX,REUSED_EXISTING
FRA,Boulogne,FRA-BOU,NEW_RESERVED
FRA,Brest,FRA-BRE,REUSED_EXISTING
FRA,Clermont,FRA-CLE,NEW_RESERVED
FRA,Dijon,FRA-DIJ,NEW_RESERVED
FRA,Dunkerque,FRA-DUN,NEW_RESERVED
FRA,Grenoble,FRA-GRE,NEW_RESERVED
FRA,Guingamp,FRA-GUI,NEW_RESERVED
FRA,Laval,FRA-LAV,NEW_RESERVED
FRA,Le Havre,FRA-HAC,REUSED_EXISTING
FRA,Le Mans,FRA-LEM,REUSED_EXISTING
FRA,Lens,FRA-LEN,REUSED_EXISTING
FRA,Lille,FRA-LIL,REUSED_EXISTING
FRA,Lorient,FRA-LOR,REUSED_EXISTING
FRA,Lyon,FRA-LYO,REUSED_EXISTING
FRA,Metz,FRA-MET,NEW_RESERVED
FRA,Monaco,FRA-MON,REUSED_EXISTING
FRA,Montpellier,FRA-MOA,NEW_RESERVED
FRA,Nancy,FRA-NAN,NEW_RESERVED
FRA,Nantes,FRA-NAA,NEW_RESERVED
FRA,Nice,FRA-NIC,REUSED_EXISTING
FRA,Olympique Marseille,FRA-OLY,REUSED_EXISTING
FRA,Paris FC,FRA-PFC,REUSED_EXISTING
FRA,Paris Saint-Germain,FRA-PSG,REUSED_EXISTING
FRA,Pau,FRA-PAU,NEW_RESERVED
FRA,Red Star,FRA-RED,NEW_RESERVED
FRA,Reims,FRA-REI,NEW_RESERVED
FRA,Rennes,FRA-REN,REUSED_EXISTING
FRA,Rodez,FRA-ROD,NEW_RESERVED
FRA,Saint-Etienne,FRA-SAI,NEW_RESERVED
FRA,Sochaux,FRA-SOC,NEW_RESERVED
FRA,Strasbourg,FRA-STR,REUSED_EXISTING
FRA,Toulouse,FRA-TOU,REUSED_EXISTING
FRA,Troyes,FRA-TRO,REUSED_EXISTING
FRO,07 Vestur,FRO-VES,NEW_RESERVED
FRO,AB Argir,FRO-ABA,NEW_RESERVED
FRO,B36 Torshavn,FRO-BAA,REUSED_EXISTING
FRO,B68 Toftir,FRO-TOF,REUSED_EXISTING
FRO,EB Streymur,FRO-EBB,REUSED_EXISTING
FRO,HB Torshavn,FRO-HBT,REUSED_EXISTING
FRO,KI Klaksvik,FRO-KLA,REUSED_EXISTING
FRO,NSI Runavik,FRO-NSI,REUSED_EXISTING
FRO,Skala IF,FRO-SKA,REUSED_EXISTING
FRO,Vikingur Gota,FRO-VIK,REUSED_EXISTING
GEO,Dila Gori,GEO-DIL,REUSED_EXISTING
GEO,Dinamo Batumi,GEO-DTB,REUSED_EXISTING
GEO,Dinamo Tbilisi,GEO-DIN,REUSED_EXISTING
GEO,Gagra,GEO-GAG,REUSED_EXISTING
GEO,Iberia 1999,GEO-IBE,REUSED_EXISTING
GEO,Meshakhte,GEO-MES,NEW_RESERVED
GEO,Rustavi,GEO-RUS,NEW_RESERVED
GEO,Samgurali,GEO-SAM,REUSED_EXISTING
GEO,Spaeri,GEO-SPA,NEW_RESERVED
GEO,Torpedo Kutaisi,GEO-TOR,REUSED_EXISTING
GIB,College 1975 FC,GIB-COL,NEW_RESERVED
GIB,Europa FC,GIB-EFC,REUSED_EXISTING
GIB,Europa Point FC,GIB-EUR,NEW_RESERVED
GIB,FC Hound Dogs,GIB-HOU,NEW_RESERVED
GIB,FC Magpies,GIB-FCB,REUSED_EXISTING
GIB,Glacis United FC,GIB-GLA,REUSED_EXISTING
GIB,Lincoln Red Imps FC,GIB-LRI,REUSED_EXISTING
GIB,Lions Gibraltar FC,GIB-LIO,NEW_RESERVED
GIB,Lynx FC,GIB-LYN,NEW_RESERVED
GIB,Mons Calpe FC,GIB-MON,REUSED_EXISTING
GIB,St Joseph's FC,GIB-SJO,REUSED_EXISTING
GRC,AEK Athens,GRC-AEK,REUSED_EXISTING
GRC,AEL Larissa,GRC-AEL,NEW_RESERVED
GRC,Anagennisi Karditsas,GRC-ANA,NEW_RESERVED
GRC,Apollon Kalamarias,GRC-APO,NEW_RESERVED
GRC,Aris Thessaloniki,GRC-ARI,REUSED_EXISTING
GRC,Asteras Tripolis,GRC-AST,REUSED_EXISTING
GRC,Asteras Tripolis B,GRC-ASA,NEW_RESERVED
GRC,Athens Kallithea,GRC-ATH,NEW_RESERVED
GRC,Atromitos,GRC-ATR,REUSED_EXISTING
GRC,Hellas Syrou,GRC-HEL,NEW_RESERVED
GRC,Iraklis,GRC-IRA,NEW_RESERVED
GRC,Kalamata,GRC-KAL,NEW_RESERVED
GRC,Kifisia,GRC-KIF,NEW_RESERVED
GRC,Levadiakos,GRC-LEV,NEW_RESERVED
GRC,Marko,GRC-MAR,NEW_RESERVED
GRC,Nestos Chrysoupolis,GRC-NES,NEW_RESERVED
GRC,Niki Volou,GRC-NIK,NEW_RESERVED
GRC,OFI Crete,GRC-OFI,REUSED_EXISTING
GRC,Olympiacos,GRC-OLY,REUSED_EXISTING
GRC,Olympiacos B,GRC-OLA,NEW_RESERVED
GRC,PAOK B,GRC-PAD,NEW_RESERVED
GRC,PAOK Thessaloniki,GRC-PAK,REUSED_EXISTING
GRC,PAS Pyrgos,GRC-PAS,NEW_RESERVED
GRC,Panathinaikos,GRC-PAO,REUSED_EXISTING
GRC,Panetolikos,GRC-PAN,REUSED_EXISTING
GRC,Panionios,GRC-PAB,NEW_RESERVED
GRC,Panserraikos,GRC-PAC,NEW_RESERVED
GRC,Panthrakikos,GRC-PAA,NEW_RESERVED
GRC,Volos NFC,GRC-VOL,REUSED_EXISTING
GRC,Zakynthos,GRC-ZAK,NEW_RESERVED
HRV,BSK,HRV-BSK,NEW_RESERVED
HRV,Cibalia,HRV-CIB,NEW_RESERVED
HRV,Croatia Zmijavci,HRV-CRO,NEW_RESERVED
HRV,Dinamo II,HRV-DIA,NEW_RESERVED
HRV,Dinamo Zagreb,HRV-DIN,REUSED_EXISTING
HRV,Dubrava,HRV-DUB,NEW_RESERVED
HRV,Dugopolje,HRV-DUG,NEW_RESERVED
HRV,Gorica,HRV-GOR,REUSED_EXISTING
HRV,Hajduk Split,HRV-HAJ,REUSED_EXISTING
HRV,Hrvace,HRV-HRV,NEW_RESERVED
HRV,Istra 1961,HRV-IST,REUSED_EXISTING
HRV,Jadran Luka Ploče,HRV-JAD,NEW_RESERVED
HRV,Karlovac,HRV-KAR,NEW_RESERVED
HRV,Kustošija,HRV-KUS,NEW_RESERVED
HRV,Lokomotiva,HRV-LOK,REUSED_EXISTING
HRV,Mladost Ždralovi,HRV-MLA,NEW_RESERVED
HRV,Opatija,HRV-OPA,NEW_RESERVED
HRV,Orijent,HRV-ORI,NEW_RESERVED
HRV,Osijek,HRV-OSI,REUSED_EXISTING
HRV,Rijeka,HRV-RIJ,REUSED_EXISTING
HRV,Rudeš,HRV-RUD,NEW_RESERVED
HRV,Segesta,HRV-SEG,NEW_RESERVED
HRV,Sesvete,HRV-SES,NEW_RESERVED
HRV,Slaven Belupo,HRV-SLA,REUSED_EXISTING
HRV,Varaždin,HRV-VAR,REUSED_EXISTING
HRV,Vukovar '91,HRV-VUK,REUSED_EXISTING
HUN,BVSC-Zugló,HUN-BVS,NEW_RESERVED
HUN,Budapest-Honvéd,HUN-BUD,NEW_RESERVED
HUN,Csákvár,HUN-CSA,NEW_RESERVED
HUN,Debrecen,HUN-DEB,REUSED_EXISTING
HUN,Diósgyör,HUN-DIO,REUSED_EXISTING
HUN,FC Ajka,HUN-AJK,NEW_RESERVED
HUN,Fehérvár,HUN-FEH,REUSED_EXISTING
HUN,Ferencváros,HUN-FTC,REUSED_EXISTING
HUN,Gyirmót SE,HUN-GYI,NEW_RESERVED
HUN,Györi ETO,HUN-GYO,NEW_RESERVED
HUN,Karcagi SE,HUN-KAR,NEW_RESERVED
HUN,Kazincbarcika,HUN-KAZ,NEW_RESERVED
HUN,Kecskemét,HUN-KEC,NEW_RESERVED
HUN,Kisvárda,HUN-KIS,NEW_RESERVED
HUN,Kozármisleny,HUN-KOZ,NEW_RESERVED
HUN,MTK,HUN-MTK,REUSED_EXISTING
HUN,Mezõkövesd,HUN-MEZ,NEW_RESERVED
HUN,Nagykanizsa,HUN-NAG,NEW_RESERVED
HUN,Nyíregyháza,HUN-NYI,NEW_RESERVED
HUN,Paks,HUN-PAK,REUSED_EXISTING
HUN,Puskás Akadémia,HUN-PUS,REUSED_EXISTING
HUN,Soroksár,HUN-SOR,NEW_RESERVED
HUN,Szeged-Csanád,HUN-SZA,NEW_RESERVED
HUN,Szentlörinc,HUN-SZE,NEW_RESERVED
HUN,Tiszakécske,HUN-TIS,NEW_RESERVED
HUN,Vasas,HUN-VAS,NEW_RESERVED
HUN,Zalaegerszeg,HUN-ZAL,NEW_RESERVED
HUN,Újpest,HUN-UJP,REUSED_EXISTING
IRL,Athlone Town,IRL-ATH,NEW_RESERVED
IRL,Bohemians,IRL-BOH,REUSED_EXISTING
IRL,Bray Wanderers,IRL-BRA,NEW_RESERVED
IRL,Cobh Ramblers,IRL-COB,NEW_RESERVED
IRL,Cork City,IRL-COR,NEW_RESERVED
IRL,Derry City,IRL-DER,REUSED_EXISTING
IRL,Drogheda United,IRL-DRO,NEW_RESERVED
IRL,Dundalk,IRL-DUN,REUSED_EXISTING
IRL,Finn Harps,IRL-FIN,NEW_RESERVED
IRL,Galway United,IRL-GAL,NEW_RESERVED
IRL,Kerry FC,IRL-KER,NEW_RESERVED
IRL,Longford Town,IRL-LON,NEW_RESERVED
IRL,Shamrock Rovers,IRL-SHR,REUSED_EXISTING
IRL,Shelbourne,IRL-SHE,REUSED_EXISTING
IRL,Sligo Rovers,IRL-SLR,REUSED_EXISTING
IRL,St. Patrick's,IRL-STP,REUSED_EXISTING
IRL,Treaty United,IRL-TRE,NEW_RESERVED
IRL,UCD,IRL-UCD,NEW_RESERVED
IRL,Waterford,IRL-WAT,REUSED_EXISTING
IRL,Wexford,IRL-WEX,NEW_RESERVED
ISL,Breiðablik,ISL-BRE,REUSED_EXISTING
ISL,FH,ISL-FHA,REUSED_EXISTING
ISL,Fram,ISL-FRA,REUSED_EXISTING
ISL,KA,ISL-KAX,NEW_RESERVED
ISL,KR,ISL-KRA,REUSED_EXISTING
ISL,Keflavík,ISL-KEF,NEW_RESERVED
ISL,Stjarnan,ISL-STJ,REUSED_EXISTING
ISL,Valur,ISL-VAL,REUSED_EXISTING
ISL,Víkingur,ISL-VIK,REUSED_EXISTING
ISL,ÍA,ISL-AKR,REUSED_EXISTING
ISL,ÍBV,ISL-IBV,NEW_RESERVED
ISL,Þór,ISL-THO,NEW_RESERVED
ISR,Beitar Jerusalem,ISR-BJL,REUSED_EXISTING
ISR,Bnei Sakhnin,ISR-BNE,NEW_RESERVED
ISR,Bnei Yehuda,ISR-BNA,NEW_RESERVED
ISR,FC Ashdod,ISR-ASH,NEW_RESERVED
ISR,FC Kafr Qassem,ISR-KAF,NEW_RESERVED
ISR,FC Kiryat Yam,ISR-KIR,NEW_RESERVED
ISR,Hapoel Afula,ISR-HAF,NEW_RESERVED
ISR,Hapoel Akko,ISR-HAI,NEW_RESERVED
ISR,Hapoel Beer Sheva,ISR-HBS,REUSED_EXISTING
ISR,Hapoel Haifa,ISR-HHA,REUSED_EXISTING
ISR,Hapoel Ironi Kiryat Shmona,ISR-HAC,NEW_RESERVED
ISR,Hapoel Jerusalem,ISR-HAA,NEW_RESERVED
ISR,Hapoel Kfar Shalem,ISR-HAG,NEW_RESERVED
ISR,Hapoel Kfar-Saba,ISR-HAH,NEW_RESERVED
ISR,Hapoel Petach Tikva,ISR-HPT,REUSED_EXISTING
ISR,Hapoel Ra'anana,ISR-HAE,NEW_RESERVED
ISR,Hapoel Ramat Gan,ISR-HAB,NEW_RESERVED
ISR,Hapoel Rishon LeZion,ISR-HAD,NEW_RESERVED
ISR,Hapoel Tel Aviv,ISR-HAP,NEW_RESERVED
ISR,Ironi Modi'in,ISR-IRA,NEW_RESERVED
ISR,Ironi Tiberias,ISR-IRO,NEW_RESERVED
ISR,Maccabi Ahi Nazareth,ISR-MAD,NEW_RESERVED
ISR,Maccabi Bnei Reineh,ISR-MSA,REUSED_EXISTING
ISR,Maccabi Haifa,ISR-MHA,REUSED_EXISTING
ISR,Maccabi Herzliya,ISR-MAA,NEW_RESERVED
ISR,Maccabi Jaffa,ISR-MAE,NEW_RESERVED
ISR,Maccabi Kiryat Gat,ISR-MAB,NEW_RESERVED
ISR,Maccabi Netanya,ISR-MNP,REUSED_EXISTING
ISR,Maccabi Petach Tikva,ISR-MAC,NEW_RESERVED
ISR,Maccabi Tel Aviv,ISR-MTA,REUSED_EXISTING
ITA,AC Milan,ITA-MIL,REUSED_EXISTING
ITA,Arezzo,ITA-ARE,NEW_RESERVED
ITA,Ascoli,ITA-ASC,NEW_RESERVED
ITA,Atalanta,ITA-ATA,REUSED_EXISTING
ITA,Avellino,ITA-AVE,NEW_RESERVED
ITA,Benevento,ITA-BEN,NEW_RESERVED
ITA,Bologna,ITA-BOL,REUSED_EXISTING
ITA,Cagliari,ITA-CAG,REUSED_EXISTING
ITA,Carrarese,ITA-CAR,NEW_RESERVED
ITA,Catanzaro,ITA-CAT,NEW_RESERVED
ITA,Cesena,ITA-CES,NEW_RESERVED
ITA,Como,ITA-COM,REUSED_EXISTING
ITA,Cremonese,ITA-CRE,REUSED_EXISTING
ITA,Empoli,ITA-EMP,NEW_RESERVED
ITA,Fiorentina,ITA-FIO,REUSED_EXISTING
ITA,Frosinone,ITA-FRO,NEW_RESERVED
ITA,Genoa,ITA-GEN,REUSED_EXISTING
ITA,Hellas Verona,ITA-VER,REUSED_EXISTING
ITA,Inter Milan,ITA-INT,REUSED_EXISTING
ITA,Juve Stabia,ITA-JUA,NEW_RESERVED
ITA,Juventus,ITA-JUV,REUSED_EXISTING
ITA,L.R. Vicenza,ITA-LRV,NEW_RESERVED
ITA,Lazio,ITA-LAZ,REUSED_EXISTING
ITA,Lecce,ITA-LEC,REUSED_EXISTING
ITA,Mantova,ITA-MAN,NEW_RESERVED
ITA,Modena,ITA-MOD,NEW_RESERVED
ITA,Monza,ITA-MON,NEW_RESERVED
ITA,Napoli,ITA-NAP,REUSED_EXISTING
ITA,Padova,ITA-PAD,NEW_RESERVED
ITA,Palermo,ITA-PAL,NEW_RESERVED
ITA,Parma,ITA-PAR,REUSED_EXISTING
ITA,Pisa,ITA-PIS,REUSED_EXISTING
ITA,Roma,ITA-ROM,REUSED_EXISTING
ITA,Sampdoria,ITA-SAM,NEW_RESERVED
ITA,Sassuolo,ITA-SAS,REUSED_EXISTING
ITA,Südtirol,ITA-SUD,NEW_RESERVED
ITA,Torino,ITA-TOR,REUSED_EXISTING
ITA,Udinese,ITA-UDI,REUSED_EXISTING
ITA,Venezia,ITA-VEN,NEW_RESERVED
ITA,Virtus Entella,ITA-VIR,NEW_RESERVED
KAZ,Aktobe,KAZ-AKT,REUSED_EXISTING
KAZ,Altai,KAZ-ALT,NEW_RESERVED
KAZ,Astana,KAZ-AST,REUSED_EXISTING
KAZ,Atyrau,KAZ-ATY,REUSED_EXISTING
KAZ,Elimaya,KAZ-ELI,NEW_RESERVED
KAZ,Irtysh,KAZ-IRT,NEW_RESERVED
KAZ,Jenis,KAZ-JEN,NEW_RESERVED
KAZ,Kairat,KAZ-KAI,REUSED_EXISTING
KAZ,Kaisar,KAZ-KAA,NEW_RESERVED
KAZ,Kaspiy,KAZ-KAS,NEW_RESERVED
KAZ,Kyzylzhar,KAZ-KYZ,REUSED_EXISTING
KAZ,Okzhetpes,KAZ-OKZ,NEW_RESERVED
KAZ,Ordabasy,KAZ-ORD,REUSED_EXISTING
KAZ,Tobol,KAZ-TOB,REUSED_EXISTING
KAZ,Ulytau,KAZ-ULY,NEW_RESERVED
KAZ,Zhetysu,KAZ-ZHE,REUSED_EXISTING
KOS,Ballkani,KOS-BAL,REUSED_EXISTING
KOS,Drenica,KOS-DRE,NEW_RESERVED
KOS,Drita,KOS-DRI,REUSED_EXISTING
KOS,Dukagjini,KOS-DUK,REUSED_EXISTING
KOS,Feronikeli 74,KOS-FEA,NEW_RESERVED
KOS,Gjilani,KOS-GJI,REUSED_EXISTING
KOS,Llapi,KOS-LAP,REUSED_EXISTING
KOS,Malisheva,KOS-MAL,REUSED_EXISTING
KOS,Prishtina,KOS-PRI,REUSED_EXISTING
KOS,Vushtrria,KOS-VUS,NEW_RESERVED
LTU,Banga,LTU-BAN,REUSED_EXISTING
LTU,Džiugas,LTU-DZI,REUSED_EXISTING
LTU,FA Šiauliai,LTU-SIA,REUSED_EXISTING
LTU,Hegelmann,LTU-HEG,REUSED_EXISTING
LTU,Kauno Žalgiris,LTU-KAZ,REUSED_EXISTING
LTU,Panevėžys,LTU-PAN,REUSED_EXISTING
LTU,Riteriai,LTU-RIT,NEW_RESERVED
LTU,Sūduva,LTU-SUD,REUSED_EXISTING
LTU,TransINVEST,LTU-TRA,NEW_RESERVED
LTU,Žalgiris,LTU-ZAL,REUSED_EXISTING
LUX,Atert Bissen,LUX-ATE,NEW_RESERVED
LUX,Differdange,LUX-DIF,REUSED_EXISTING
LUX,Etzella,LUX-ETZ,NEW_RESERVED
LUX,F91 Dudelange,LUX-FAA,REUSED_EXISTING
LUX,Jeunesse Esch,LUX-JEU,REUSED_EXISTING
LUX,Kaerjeng Un,LUX-KAE,NEW_RESERVED
LUX,Mondorf,LUX-MON,REUSED_EXISTING
LUX,Pr. Niedercorn,LUX-PRO,REUSED_EXISTING
LUX,Racing FC Union,LUX-RAC,REUSED_EXISTING
LUX,Res. Walferdange,LUX-RES,NEW_RESERVED
LUX,Swift Hesperange,LUX-SWI,REUSED_EXISTING
LUX,UNA Strassen,LUX-UNA,REUSED_EXISTING
LUX,US Hostert,LUX-HOS,NEW_RESERVED
LUX,US Rumelange,LUX-RUM,NEW_RESERVED
LUX,Victoria Rosport,LUX-VIC,NEW_RESERVED
LUX,Wiltz 71,LUX-WIL,NEW_RESERVED
LVA,Auda,LVA-AUD,REUSED_EXISTING
LVA,BFC Daugavpils,LVA-DAU,REUSED_EXISTING
LVA,FK Liepāja,LVA-LIE,REUSED_EXISTING
LVA,FS Jelgava,LVA-FSJ,NEW_RESERVED
LVA,Grobiņas,LVA-GRO,NEW_RESERVED
LVA,Ogre United,LVA-OGR,NEW_RESERVED
LVA,RFS,LVA-RFS,REUSED_EXISTING
LVA,Rīga,LVA-RIG,REUSED_EXISTING
LVA,Super Nova,LVA-SUP,NEW_RESERVED
LVA,Tukums 2000,LVA-TUK,REUSED_EXISTING
MDA,Dacia Buiucani,MDA-DAC,REUSED_EXISTING
MDA,FC Bălți,MDA-BAL,REUSED_EXISTING
MDA,Milsami,MDA-MIL,REUSED_EXISTING
MDA,Petrocub,MDA-PET,REUSED_EXISTING
MDA,Politehnica,MDA-POL,NEW_RESERVED
MDA,Real Sireți,MDA-REA,NEW_RESERVED
MDA,Sheriff,MDA-SHF,REUSED_EXISTING
MDA,Zimbru,MDA-ZIM,REUSED_EXISTING
MKD,Arsimi,MKD-ARS,NEW_RESERVED
MKD,Bashkimi,MKD-BAS,NEW_RESERVED
MKD,Bregalnica Štip,MKD-BRE,NEW_RESERVED
MKD,Shkëndija,MKD-SHK,REUSED_EXISTING
MKD,Shkëndija Aračinovo,MKD-SHA,NEW_RESERVED
MKD,Sileks,MKD-SIL,REUSED_EXISTING
MKD,Skopje,MKD-SKO,NEW_RESERVED
MKD,Struga,MKD-STR,REUSED_EXISTING
MKD,Tikveš,MKD-TIK,REUSED_EXISTING
MKD,Vardar,MKD-VAR,REUSED_EXISTING
MLT,Balzan Youths,MLT-BAL,NEW_RESERVED
MLT,Birkirkara,MLT-BIR,REUSED_EXISTING
MLT,Birżebbuġa St. Peter's,MLT-BIA,NEW_RESERVED
MLT,Floriana,MLT-FLO,REUSED_EXISTING
MLT,Gżira United,MLT-GZI,REUSED_EXISTING
MLT,Hamrun Spartans,MLT-HAM,REUSED_EXISTING
MLT,Hibernians,MLT-HIB,REUSED_EXISTING
MLT,Marsaxlokk,MLT-MAR,NEW_RESERVED
MLT,Mosta,MLT-MOS,REUSED_EXISTING
MLT,Sliema Wanderers,MLT-SLI,REUSED_EXISTING
MLT,Valletta,MLT-VAL,NEW_RESERVED
MLT,Żabbar St. Patrick,MLT-ZAB,NEW_RESERVED
MNE,Arsenal,MNE-ARS,REUSED_EXISTING
MNE,Bokelj,MNE-BOK,NEW_RESERVED
MNE,Budućnost,MNE-BUD,REUSED_EXISTING
MNE,Dečić,MNE-DEC,REUSED_EXISTING
MNE,Jezero,MNE-JEZ,REUSED_EXISTING
MNE,Mladost Donja Gorica,MNE-MLA,NEW_RESERVED
MNE,Mornar,MNE-MOR,REUSED_EXISTING
MNE,OFK Petrovac,MNE-PET,REUSED_EXISTING
MNE,Otrant-Olympic,MNE-OTR,NEW_RESERVED
MNE,Sutjeska,MNE-SUT,REUSED_EXISTING
NIR,Ballymena United,NIR-BAL,REUSED_EXISTING
NIR,Bangor,NIR-BAN,NEW_RESERVED
NIR,Carrick Rangers,NIR-CAR,NEW_RESERVED
NIR,Cliftonville,NIR-CLI,REUSED_EXISTING
NIR,Coleraine,NIR-COL,REUSED_EXISTING
NIR,Crusaders,NIR-CRU,REUSED_EXISTING
NIR,Dungannon Swifts,NIR-DUN,NEW_RESERVED
NIR,Glentoran,NIR-GLN,REUSED_EXISTING
NIR,Larne,NIR-LAR,REUSED_EXISTING
NIR,Limavady United,NIR-LIM,NEW_RESERVED
NIR,Linfield,NIR-LIN,REUSED_EXISTING
NIR,Portadown,NIR-POR,NEW_RESERVED
NLD,ADO Den Haag,NLD-ADO,REUSED_EXISTING
NLD,AZ Alkmaar,NLD-AZA,REUSED_EXISTING
NLD,Ajax,NLD-AJA,REUSED_EXISTING
NLD,Almere City,NLD-ALM,NEW_RESERVED
NLD,De Graafschap,NLD-DEG,NEW_RESERVED
NLD,Excelsior,NLD-EXC,REUSED_EXISTING
NLD,FC Den Bosch,NLD-DEN,NEW_RESERVED
NLD,FC Dordrecht,NLD-DOR,NEW_RESERVED
NLD,FC Eindhoven,NLD-EIN,NEW_RESERVED
NLD,FC Emmen,NLD-EMM,NEW_RESERVED
NLD,FC Groningen,NLD-GRO,REUSED_EXISTING
NLD,FC Twente,NLD-TWE,REUSED_EXISTING
NLD,FC Utrecht,NLD-UTR,REUSED_EXISTING
NLD,FC Volendam,NLD-VOL,NEW_RESERVED
NLD,Feyenoord,NLD-FEY,REUSED_EXISTING
NLD,Fortuna Sittard,NLD-FOR,REUSED_EXISTING
NLD,Go Ahead Eagles,NLD-GAE,REUSED_EXISTING
NLD,Heerenveen,NLD-HEE,REUSED_EXISTING
NLD,Helmond Sport,NLD-HEL,NEW_RESERVED
NLD,Heracles Almelo,NLD-HER,NEW_RESERVED
NLD,Jong AZ,NLD-JON,NEW_RESERVED
NLD,Jong Ajax,NLD-JOB,NEW_RESERVED
NLD,Jong FC Utrecht,NLD-JOC,NEW_RESERVED
NLD,Jong PSV,NLD-JOA,NEW_RESERVED
NLD,MVV Maastricht,NLD-MVV,NEW_RESERVED
NLD,NAC Breda,NLD-NAC,NEW_RESERVED
NLD,NEC Nijmegen,NLD-NEC,REUSED_EXISTING
NLD,PEC Zwolle,NLD-PEC,REUSED_EXISTING
NLD,PSV Eindhoven,NLD-PSV,REUSED_EXISTING
NLD,RKC Waalwijk,NLD-RKC,NEW_RESERVED
NLD,Roda JC,NLD-ROD,NEW_RESERVED
NLD,SC Cambuur,NLD-CAM,REUSED_EXISTING
NLD,Sparta Rotterdam,NLD-SPA,REUSED_EXISTING
NLD,TOP Oss,NLD-TOP,NEW_RESERVED
NLD,Telstar,NLD-TEL,REUSED_EXISTING
NLD,VVV-Venlo,NLD-VVV,NEW_RESERVED
NLD,Vitesse,NLD-VIT,NEW_RESERVED
NLD,Willem II,NLD-WIL,REUSED_EXISTING
NOR,Aalesund,NOR-AAL,NEW_RESERVED
NOR,Asane,NOR-ASA,NEW_RESERVED
NOR,Bodo Glimt,NOR-BOD,REUSED_EXISTING
NOR,Bryne,NOR-BRY,NEW_RESERVED
NOR,Egersund,NOR-EGE,NEW_RESERVED
NOR,Fredrikstad FK,NOR-FRE,REUSED_EXISTING
NOR,HamKam,NOR-HAM,REUSED_EXISTING
NOR,Haugesund,NOR-HAU,NEW_RESERVED
NOR,Hodd,NOR-HOD,NEW_RESERVED
NOR,KFUM Oslo,NOR-KFU,NEW_RESERVED
NOR,Kongsvinger,NOR-KON,NEW_RESERVED
NOR,Kristiansund,NOR-KRI,NEW_RESERVED
NOR,Lillestrom,NOR-LIL,NEW_RESERVED
NOR,Lyn,NOR-LYN,NEW_RESERVED
NOR,Molde FK,NOR-MOL,REUSED_EXISTING
NOR,Moss,NOR-MOS,NEW_RESERVED
NOR,Odd,NOR-ODD,NEW_RESERVED
NOR,Ranheim,NOR-RAN,NEW_RESERVED
NOR,Raufoss,NOR-RAU,NEW_RESERVED
NOR,Rosenborg BK,NOR-RBK,REUSED_EXISTING
NOR,SK Brann,NOR-BRA,REUSED_EXISTING
NOR,Sandefjord,NOR-SAN,NEW_RESERVED
NOR,Sandnes Ulf,NOR-SAA,NEW_RESERVED
NOR,Sarpsborg 08,NOR-SAR,REUSED_EXISTING
NOR,Sogndal,NOR-SOG,NEW_RESERVED
NOR,Stabaek,NOR-STB,NEW_RESERVED
NOR,Start,NOR-STA,NEW_RESERVED
NOR,Strommen,NOR-STC,NEW_RESERVED
NOR,Stromsgodset,NOR-STR,REUSED_EXISTING
NOR,Tromso IL,NOR-TRO,REUSED_EXISTING
NOR,Valerenga,NOR-VAL,NEW_RESERVED
NOR,Viking FK,NOR-VIK,REUSED_EXISTING
POL,Arka Gdynia,POL-ARK,NEW_RESERVED
POL,Chrobry Głogów,POL-CHR,NEW_RESERVED
POL,Cracovia,POL-CRA,REUSED_EXISTING
POL,GKS Katowice,POL-GKS,REUSED_EXISTING
POL,Gornik Zabrze,POL-GOR,REUSED_EXISTING
POL,Jagiellonia Bialystok,POL-JAG,REUSED_EXISTING
POL,Korona Kielce,POL-KOR,NEW_RESERVED
POL,Lech Poznan,POL-LEC,REUSED_EXISTING
POL,Lechia Gdańsk,POL-LEA,NEW_RESERVED
POL,Legia Warsaw,POL-LEG,REUSED_EXISTING
POL,Miedź Legnica,POL-MIE,NEW_RESERVED
POL,Motor Lublin,POL-MOT,REUSED_EXISTING
POL,Odra Opole,POL-ODR,NEW_RESERVED
POL,Piast Gliwice,POL-PIA,NEW_RESERVED
POL,Podbeskidzie,POL-POD,NEW_RESERVED
POL,Pogon Szczecin,POL-POG,REUSED_EXISTING
POL,Pogoń Grodzisk Mazowiecki,POL-POA,NEW_RESERVED
POL,Pogoń Siedlce,POL-POB,NEW_RESERVED
POL,Polonia Bytom,POL-POC,NEW_RESERVED
POL,Polonia Warszawa,POL-POL,NEW_RESERVED
POL,Puszcza Niepołomice,POL-PUS,NEW_RESERVED
POL,Radomiak Radom,POL-RAD,NEW_RESERVED
POL,Rakow Czestochowa,POL-RAK,REUSED_EXISTING
POL,Ruch Chorzów,POL-RUC,NEW_RESERVED
POL,Slask Wroclaw,POL-SLA,NEW_RESERVED
POL,Stal Mielec,POL-STB,NEW_RESERVED
POL,Stal Rzeszów,POL-STA,NEW_RESERVED
POL,Unia Skierniewice,POL-UNI,NEW_RESERVED
POL,Warta Poznań,POL-WAR,NEW_RESERVED
POL,Widzew Lodz,POL-WID,REUSED_EXISTING
POL,Wieczysta Krakow,POL-WIE,NEW_RESERVED
POL,Wisla Krakow,POL-WIS,NEW_RESERVED
POL,Wisla Plock,POL-WIA,NEW_RESERVED
POL,Zaglebie Lubin,POL-ZAG,NEW_RESERVED
POL,ŁKS Nieciecza,POL-LKA,NEW_RESERVED
POL,ŁKS Łódź,POL-LKS,NEW_RESERVED
PRT,AVS Futebol SAD,PRT-AVS,NEW_RESERVED
PRT,Academica Coimbra,PRT-ACB,NEW_RESERVED
PRT,Academico de Viseu,PRT-ACA,NEW_RESERVED
PRT,Alverca,PRT-ALV,NEW_RESERVED
PRT,Amarante,PRT-AMA,NEW_RESERVED
PRT,Arouca,PRT-ARO,NEW_RESERVED
PRT,Benfica,PRT-BEN,REUSED_EXISTING
PRT,Benfica B,PRT-BEA,NEW_RESERVED
PRT,Casa Pia,PRT-CAS,NEW_RESERVED
PRT,Chaves,PRT-CHA,NEW_RESERVED
PRT,Estoril Praia,PRT-ESA,NEW_RESERVED
PRT,Estrela Amadora,PRT-EST,NEW_RESERVED
PRT,FC Porto,PRT-POR,REUSED_EXISTING
PRT,Famalicao,PRT-FAM,NEW_RESERVED
PRT,Farense,PRT-FAR,NEW_RESERVED
PRT,Feirense,PRT-FEI,NEW_RESERVED
PRT,Felgueiras 1932,PRT-FEL,NEW_RESERVED
PRT,Gil Vicente,PRT-GIL,NEW_RESERVED
PRT,Leixoes,PRT-LEI,NEW_RESERVED
PRT,Lusitania Lourosa,PRT-LUS,NEW_RESERVED
PRT,Maritimo,PRT-MAR,NEW_RESERVED
PRT,Moreirense,PRT-MOR,NEW_RESERVED
PRT,Nacional,PRT-NAC,NEW_RESERVED
PRT,Penafiel,PRT-PEN,NEW_RESERVED
PRT,Portimonense,PRT-POA,NEW_RESERVED
PRT,Porto B,PRT-POB,NEW_RESERVED
PRT,Rio Ave,PRT-RIO,NEW_RESERVED
PRT,SC Braga,PRT-BRA,REUSED_EXISTING
PRT,Santa Clara,PRT-SAN,NEW_RESERVED
PRT,Sporting CP,PRT-SCP,REUSED_EXISTING
PRT,Sporting CP B,PRT-SPO,NEW_RESERVED
PRT,Tondela,PRT-TON,NEW_RESERVED
PRT,Torreense,PRT-TOR,NEW_RESERVED
PRT,Uniao Leiria,PRT-UNI,NEW_RESERVED
PRT,Vitoria SC,PRT-VSC,REUSED_EXISTING
PRT,Vizela,PRT-VIZ,NEW_RESERVED
ROU,ACSM Reşiţa,ROU-ACS,NEW_RESERVED
ROU,Afumați,ROU-AFU,NEW_RESERVED
ROU,Bihor Oradea,ROU-BIH,NEW_RESERVED
ROU,Botoșani,ROU-BOT,NEW_RESERVED
ROU,CFC Argeș,ROU-ARG,NEW_RESERVED
ROU,CFR Cluj,ROU-CFR,REUSED_EXISTING
ROU,CS Dinamo,ROU-CSD,NEW_RESERVED
ROU,CSA Steaua,ROU-CSA,NEW_RESERVED
ROU,CSM Slatina,ROU-CSM,NEW_RESERVED
ROU,Cetatea Suceava,ROU-CET,NEW_RESERVED
ROU,Chindia,ROU-CHI,NEW_RESERVED
ROU,Concordia,ROU-CON,NEW_RESERVED
ROU,Corvinul,ROU-COR,NEW_RESERVED
ROU,Csíkszereda,ROU-CSI,NEW_RESERVED
ROU,Dinamo București,ROU-DIN,REUSED_EXISTING
ROU,Dumbrăviţa,ROU-DUM,NEW_RESERVED
ROU,FC Bacău,ROU-BAC,NEW_RESERVED
ROU,FC Voluntari,ROU-VOL,NEW_RESERVED
ROU,FCSB,ROU-FCS,REUSED_EXISTING
ROU,Farul Constanța,ROU-FAR,REUSED_EXISTING
ROU,Gloria Bistrița,ROU-GLO,NEW_RESERVED
ROU,Metaloglobus,ROU-MEA,NEW_RESERVED
ROU,Metalul Buzău,ROU-MET,NEW_RESERVED
ROU,Olimpia Satu Mare,ROU-OLI,NEW_RESERVED
ROU,Oțelul Galați,ROU-OTE,NEW_RESERVED
ROU,Petrolul Ploiești,ROU-PET,NEW_RESERVED
ROU,Popești-Leordeni,ROU-POP,NEW_RESERVED
ROU,Rapid București,ROU-RAP,REUSED_EXISTING
ROU,SCM Râmnicu Vâlcea,ROU-SCM,NEW_RESERVED
ROU,SSU Politehnica Timişoara,ROU-SSU,NEW_RESERVED
ROU,Sepsi OSK,ROU-SEP,NEW_RESERVED
ROU,Târgu Mureș,ROU-TAR,NEW_RESERVED
ROU,UTA Arad,ROU-UTA,REUSED_EXISTING
ROU,Unirea Slobozia,ROU-UNI,NEW_RESERVED
ROU,Universitatea Cluj,ROU-CLU,REUSED_EXISTING
ROU,Universitatea Craiova,ROU-UCV,REUSED_EXISTING
ROU,Şelimbăr,ROU-SEL,NEW_RESERVED
ROU,Ștefănești,ROU-STE,NEW_RESERVED
RUS,Akhmat,RUS-AKH,NEW_RESERVED
RUS,Akron,RUS-AKR,NEW_RESERVED
RUS,Baltika,RUS-BAL,NEW_RESERVED
RUS,CSKA,RUS-CSK,REUSED_EXISTING
RUS,Dinamo,RUS-DYN,REUSED_EXISTING
RUS,Dinamo Makhachkala,RUS-DIN,NEW_RESERVED
RUS,FC Orenburg,RUS-ORE,NEW_RESERVED
RUS,FK Krasnodar,RUS-KRA,REUSED_EXISTING
RUS,Fakel,RUS-FAK,NEW_RESERVED
RUS,Krylia Sovetov,RUS-KRY,NEW_RESERVED
RUS,Lokomotiv,RUS-LOK,REUSED_EXISTING
RUS,Rodina,RUS-ROD,NEW_RESERVED
RUS,Rostov,RUS-ROS,REUSED_EXISTING
RUS,Rubin,RUS-RUB,REUSED_EXISTING
RUS,Spartak,RUS-SPA,REUSED_EXISTING
RUS,Zenit,RUS-ZEN,REUSED_EXISTING
SCO,Aberdeen FC,SCO-ABE,REUSED_EXISTING
SCO,Arbroath,SCO-ARB,NEW_RESERVED
SCO,Ayr United,SCO-AYR,NEW_RESERVED
SCO,Celtic FC,SCO-CEL,REUSED_EXISTING
SCO,Dundee FC,SCO-DUN,REUSED_EXISTING
SCO,Dundee United FC,SCO-DUU,REUSED_EXISTING
SCO,Dunfermline Athletic,SCO-DUA,NEW_RESERVED
SCO,Falkirk FC,SCO-FAL,REUSED_EXISTING
SCO,Greenock Morton,SCO-GRE,NEW_RESERVED
SCO,Heart of Midlothian FC,SCO-HEA,REUSED_EXISTING
SCO,Hibernian FC,SCO-HIB,REUSED_EXISTING
SCO,Inverness Caledonian Thistle,SCO-INV,NEW_RESERVED
SCO,Kilmarnock FC,SCO-KIL,REUSED_EXISTING
SCO,Livingston FC,SCO-LIV,REUSED_EXISTING
SCO,Motherwell FC,SCO-MOT,REUSED_EXISTING
SCO,Partick Thistle,SCO-PAR,NEW_RESERVED
SCO,Queen's Park,SCO-QUE,NEW_RESERVED
SCO,Raith Rovers,SCO-RAI,NEW_RESERVED
SCO,Rangers FC,SCO-RAN,REUSED_EXISTING
SCO,St Johnstone,SCO-STJ,NEW_RESERVED
SCO,St Mirren FC,SCO-STM,REUSED_EXISTING
SCO,Stenhousemuir,SCO-STE,NEW_RESERVED
SMR,AC Juvenes,SMR-JUV,NEW_RESERVED
SMR,AC Libertas,SMR-LIB,REUSED_EXISTING
SMR,FC Fiorentino,SMR-FIO,NEW_RESERVED
SMR,SC Faetano,SMR-FAE,NEW_RESERVED
SMR,SP Cailungo,SMR-CAI,NEW_RESERVED
SMR,SP Cosmos,SMR-COS,REUSED_EXISTING
SMR,SP Domagnano,SMR-DOM,NEW_RESERVED
SMR,SP La Fiorita,SMR-LFI,REUSED_EXISTING
SMR,SP Tre Fiori,SMR-TRE,REUSED_EXISTING
SMR,SP Tre Penne,SMR-TPE,REUSED_EXISTING
SMR,SS Folgore,SMR-FOL,REUSED_EXISTING
SMR,SS Murata,SMR-MUR,REUSED_EXISTING
SMR,SS Pennarossa,SMR-PEN,NEW_RESERVED
SMR,SS San Giovanni,SMR-SAN,NEW_RESERVED
SMR,SS Virtus,SMR-VIR,REUSED_EXISTING
SMR,San Marino Academy U22,SMR-SAA,NEW_RESERVED
SRB,Bor 1919,SRB-BOA,NEW_RESERVED
SRB,Borac Čačak,SRB-BOR,NEW_RESERVED
SRB,Crvena Zvezda,SRB-CZV,REUSED_EXISTING
SRB,Dubočica,SRB-DUB,NEW_RESERVED
SRB,FK Loznica,SRB-LOZ,NEW_RESERVED
SRB,Grafičar,SRB-GRA,NEW_RESERVED
SRB,IMT,SRB-IMT,NEW_RESERVED
SRB,Javor,SRB-JAV,NEW_RESERVED
SRB,Jedinstvo Ub,SRB-JED,NEW_RESERVED
SRB,Mačva Šabac,SRB-MAC,NEW_RESERVED
SRB,Metalac,SRB-MET,NEW_RESERVED
SRB,Mladost Lučani,SRB-MLU,REUSED_EXISTING
SRB,Napredak Kruševac,SRB-NAP,REUSED_EXISTING
SRB,Novi Pazar,SRB-NOV,REUSED_EXISTING
SRB,OFK Beograd,SRB-OFK,REUSED_EXISTING
SRB,OFK Vršac,SRB-OFA,NEW_RESERVED
SRB,Partizan,SRB-PAR,REUSED_EXISTING
SRB,Proleter 023,SRB-PRO,NEW_RESERVED
SRB,Radnik Surdulica,SRB-RAB,NEW_RESERVED
SRB,Radnički Kragujevac,SRB-RAA,NEW_RESERVED
SRB,Radnički Niš,SRB-RAD,REUSED_EXISTING
SRB,Smederevo,SRB-SME,NEW_RESERVED
SRB,Spartak Subotica,SRB-SPA,NEW_RESERVED
SRB,TSC,SRB-TSC,REUSED_EXISTING
SRB,Teleoptik,SRB-TEL,NEW_RESERVED
SRB,Vojvodina,SRB-VOJ,REUSED_EXISTING
SRB,Voždovac,SRB-VOZ,NEW_RESERVED
SRB,Zemun,SRB-ZEM,NEW_RESERVED
SRB,Čukarički,SRB-CUK,REUSED_EXISTING
SRB,Železničar Pančevo,SRB-ZEL,NEW_RESERVED
SVK,AS Trenčín,SVK-TRE,REUSED_EXISTING
SVK,Banská Bystrica,SVK-BAN,NEW_RESERVED
SVK,Baník Lehota,SVK-BAA,NEW_RESERVED
SVK,Dunajská Streda,SVK-DAC,REUSED_EXISTING
SVK,FC Košice,SVK-KOS,REUSED_EXISTING
SVK,FC Petrzalka 1898,SVK-PET,NEW_RESERVED
SVK,FK Humenné,SVK-HUM,NEW_RESERVED
SVK,Inter Bratislava,SVK-INT,NEW_RESERVED
SVK,KFK Komárno,SVK-KFK,NEW_RESERVED
SVK,Liptovský Mikuláš,SVK-LIP,NEW_RESERVED
SVK,Lokomotíva Zvolen,SVK-LOK,NEW_RESERVED
SVK,MFK Bytča,SVK-MFK,NEW_RESERVED
SVK,Michalovce,SVK-MIC,NEW_RESERVED
SVK,MŠK Žilina,SVK-ZIL,REUSED_EXISTING
SVK,MŠK Žilina B,SVK-MSK,NEW_RESERVED
SVK,OFK Malženice,SVK-OFK,NEW_RESERVED
SVK,Podbrezová,SVK-POD,REUSED_EXISTING
SVK,Pohronie,SVK-POH,NEW_RESERVED
SVK,Považská Bystrica,SVK-POV,NEW_RESERVED
SVK,Ružomberok,SVK-RUZ,REUSED_EXISTING
SVK,Skalica,SVK-SKA,NEW_RESERVED
SVK,Slovan Bratislava,SVK-SLO,REUSED_EXISTING
SVK,Slovan Bratislava B,SVK-SLB,NEW_RESERVED
SVK,Slovan Galanta,SVK-SLA,NEW_RESERVED
SVK,Spartak Trnava,SVK-TRN,REUSED_EXISTING
SVK,Tatran Prešov,SVK-TAT,NEW_RESERVED
SVK,Zlaté Moravce,SVK-ZLA,NEW_RESERVED
SVK,Šamorín,SVK-SAM,NEW_RESERVED
SVN,Aluminij,SVN-ALU,NEW_RESERVED
SVN,Bilje,SVN-BIL,NEW_RESERVED
SVN,Bistrica,SVN-BIS,NEW_RESERVED
SVN,Bravo,SVN-BRA,REUSED_EXISTING
SVN,Brežice,SVN-BRE,NEW_RESERVED
SVN,Brinje-Grosuplje,SVN-BRI,NEW_RESERVED
SVN,Celje,SVN-CEL,REUSED_EXISTING
SVN,Dravinja,SVN-DRA,NEW_RESERVED
SVN,Dren Vrhnika,SVN-DRE,NEW_RESERVED
SVN,Ilirija,SVN-ILI,NEW_RESERVED
SVN,Jadran Dekani,SVN-JAD,NEW_RESERVED
SVN,Jesenice,SVN-JES,NEW_RESERVED
SVN,Koper,SVN-KOP,REUSED_EXISTING
SVN,Krka,SVN-KRK,NEW_RESERVED
SVN,Krško,SVN-KRS,NEW_RESERVED
SVN,Maribor,SVN-MAR,REUSED_EXISTING
SVN,Mura,SVN-MUR,REUSED_EXISTING
SVN,ND Beltinci,SVN-NDB,NEW_RESERVED
SVN,ND Slovan,SVN-NDS,NEW_RESERVED
SVN,Nafta 1903,SVN-NAF,NEW_RESERVED
SVN,Olimpija,SVN-OLI,REUSED_EXISTING
SVN,Primorje,SVN-PRI,NEW_RESERVED
SVN,Radomlje,SVN-RAD,REUSED_EXISTING
SVN,Rudar Velenje,SVN-RUD,NEW_RESERVED
SVN,Tabor Sežana,SVN-TAB,NEW_RESERVED
SVN,Triglav Kranj,SVN-TRI,NEW_RESERVED
SWE,AIK,SWE-AIK,REUSED_EXISTING
SWE,Brage,SWE-BRA,NEW_RESERVED
SWE,Brommapojkarna,SWE-BRO,NEW_RESERVED
SWE,Degerfors,SWE-DEG,NEW_RESERVED
SWE,Djurgården,SWE-DIF,REUSED_EXISTING
SWE,Elfsborg,SWE-ELF,REUSED_EXISTING
SWE,Falkenberg,SWE-FAL,NEW_RESERVED
SWE,GAIS,SWE-GAI,REUSED_EXISTING
SWE,GIF Sundsvall,SWE-GIF,NEW_RESERVED
SWE,Halmstad,SWE-HAL,NEW_RESERVED
SWE,Hammarby,SWE-HAM,REUSED_EXISTING
SWE,Helsingborg,SWE-HEL,NEW_RESERVED
SWE,Häcken,SWE-HAC,REUSED_EXISTING
SWE,IFK Göteborg,SWE-GOT,REUSED_EXISTING
SWE,IFK Norrköping,SWE-NOR,REUSED_EXISTING
SWE,IFK Värnamo,SWE-IFK,NEW_RESERVED
SWE,Kalmar FF,SWE-KAL,NEW_RESERVED
SWE,Landskrona,SWE-LAN,NEW_RESERVED
SWE,Ljungskile,SWE-LJU,NEW_RESERVED
SWE,Malmö FF,SWE-MFF,REUSED_EXISTING
SWE,Mjällby,SWE-MJA,NEW_RESERVED
SWE,Nordic United,SWE-NOA,NEW_RESERVED
SWE,Norrby,SWE-NOB,NEW_RESERVED
SWE,Oddevold,SWE-ODD,NEW_RESERVED
SWE,Sandviken,SWE-SAN,NEW_RESERVED
SWE,Sirius,SWE-SIR,REUSED_EXISTING
SWE,Varbergs BoIS,SWE-VAR,NEW_RESERVED
SWE,Västerås SK,SWE-VAS,NEW_RESERVED
SWE,Örebro,SWE-ORE,NEW_RESERVED
SWE,Örgryte,SWE-ORG,NEW_RESERVED
SWE,Öster,SWE-OSA,NEW_RESERVED
SWE,Östersund,SWE-OST,NEW_RESERVED
TUR,Alanyaspor,TUR-ALA,REUSED_EXISTING
TUR,Amedspor,TUR-AME,NEW_RESERVED
TUR,Ankara Keciorengucu,TUR-ANK,NEW_RESERVED
TUR,Antalyaspor,TUR-ANT,REUSED_EXISTING
TUR,Bandirmaspor,TUR-BAN,NEW_RESERVED
TUR,Batman Petrolspor,TUR-BAT,NEW_RESERVED
TUR,Besiktas,TUR-BES,REUSED_EXISTING
TUR,Bodrum FK,TUR-BOD,NEW_RESERVED
TUR,Boluspor,TUR-BOL,NEW_RESERVED
TUR,Bursaspor,TUR-BUR,NEW_RESERVED
TUR,Caykur Rizespor,TUR-RIZ,REUSED_EXISTING
TUR,Corum FK,TUR-COR,NEW_RESERVED
TUR,Erzurumspor,TUR-ERZ,NEW_RESERVED
TUR,Esenler Erokspor,TUR-ESE,NEW_RESERVED
TUR,Eyupspor,TUR-EYU,NEW_RESERVED
TUR,Fatih Karagumruk,TUR-FAT,NEW_RESERVED
TUR,Fenerbahce,TUR-FEN,REUSED_EXISTING
TUR,Galatasaray,TUR-GAL,REUSED_EXISTING
TUR,Gaziantep FK,TUR-GAZ,NEW_RESERVED
TUR,Genclerbirligi,TUR-GEN,NEW_RESERVED
TUR,Goztepe,TUR-GOZ,REUSED_EXISTING
TUR,Igdir FK,TUR-IGD,NEW_RESERVED
TUR,Istanbul Basaksehir,TUR-BAS,REUSED_EXISTING
TUR,Istanbulspor,TUR-IST,NEW_RESERVED
TUR,Kasimpasa,TUR-KAS,REUSED_EXISTING
TUR,Kayserispor,TUR-KAY,NEW_RESERVED
TUR,Kocaelispor,TUR-KOC,NEW_RESERVED
TUR,Konyaspor,TUR-KON,REUSED_EXISTING
TUR,Manisa FK,TUR-MAN,NEW_RESERVED
TUR,Mardin 1969,TUR-MAR,NEW_RESERVED
TUR,Muglaspor,TUR-MUG,NEW_RESERVED
TUR,Pendikspor,TUR-PEN,NEW_RESERVED
TUR,Samsunspor,TUR-SAM,REUSED_EXISTING
TUR,Sariyer,TUR-SAR,NEW_RESERVED
TUR,Sivasspor,TUR-SIV,NEW_RESERVED
TUR,Trabzonspor,TUR-TRA,REUSED_EXISTING
TUR,Umraniyespor,TUR-UMR,NEW_RESERVED
TUR,Vanspor,TUR-VAN,NEW_RESERVED
UKR,Ahrobiznes,UKR-AHR,NEW_RESERVED
UKR,Bukovyna,UKR-BUK,NEW_RESERVED
UKR,Chornomorets,UKR-CHO,NEW_RESERVED
UKR,Dynamo,UKR-DYN,REUSED_EXISTING
UKR,Epitsentr,UKR-EPI,NEW_RESERVED
UKR,FK Chernihiv,UKR-CHE,NEW_RESERVED
UKR,FK Metalist,UKR-MET,NEW_RESERVED
UKR,Feniks-Mariupol,UKR-FEN,NEW_RESERVED
UKR,Inhulets,UKR-INH,NEW_RESERVED
UKR,Karpaty,UKR-KAR,REUSED_EXISTING
UKR,Kharkiv,UKR-KHA,NEW_RESERVED
UKR,Kolos,UKR-KOL,NEW_RESERVED
UKR,Kolos-2,UKR-KOA,NEW_RESERVED
UKR,Kryvbas Kryvyi Rih,UKR-KRY,REUSED_EXISTING
UKR,Kudrivka,UKR-KUD,NEW_RESERVED
UKR,Kulykiv-Bilka,UKR-KUL,NEW_RESERVED
UKR,LNZ-Cherkasy,UKR-LNZ,NEW_RESERVED
UKR,Livyi Bereh Kyiv,UKR-LIV,NEW_RESERVED
UKR,Lokomotyv Kyiv,UKR-LOK,NEW_RESERVED
UKR,Nyva Ternopil,UKR-NYV,NEW_RESERVED
UKR,Obolon,UKR-OBO,REUSED_EXISTING
UKR,PFK Oleksandriya,UKR-OLE,REUSED_EXISTING
UKR,Polissya,UKR-POL,REUSED_EXISTING
UKR,Polissya-2,UKR-POB,NEW_RESERVED
UKR,Probiy Horodenka,UKR-PRO,NEW_RESERVED
UKR,Prykarpattya Ivano-Frankivsk,UKR-PRY,NEW_RESERVED
UKR,SK Poltava,UKR-POA,NEW_RESERVED
UKR,Shakhtar,UKR-SHK,REUSED_EXISTING
UKR,UCSA Sports Club,UKR-UCS,NEW_RESERVED
UKR,Veres,UKR-VER,REUSED_EXISTING
UKR,Viktoriya,UKR-VIK,NEW_RESERVED
UKR,Zorya,UKR-ZOR,REUSED_EXISTING
WAL,Airbus UK Broughton,WAL-AIR,NEW_RESERVED
WAL,Ammanford,WAL-AMM,NEW_RESERVED
WAL,Barry Town United,WAL-BAR,NEW_RESERVED
WAL,Briton Ferry Llansawel,WAL-BRI,NEW_RESERVED
WAL,Caernarfon Town,WAL-CAE,REUSED_EXISTING
WAL,Cambrian United,WAL-CAM,NEW_RESERVED
WAL,Cardiff Met,WAL-CAR,REUSED_EXISTING
WAL,Colwyn Bay,WAL-COL,NEW_RESERVED
WAL,Connah's Quay Nomads,WAL-CON,REUSED_EXISTING
WAL,Flint Town United,WAL-FLI,NEW_RESERVED
WAL,Haverfordwest County,WAL-HAV,REUSED_EXISTING
WAL,Holywell Town,WAL-HOL,NEW_RESERVED
WAL,Llandudno,WAL-LLA,NEW_RESERVED
WAL,Penybont,WAL-PEN,REUSED_EXISTING
WAL,The New Saints,WAL-TNS,REUSED_EXISTING
WAL,Trefelin BGC,WAL-TRE,NEW_RESERVED
