club_id,country_id,canonical_name
ENG-LFC,ENG,Liverpool FC
ENG-MCI,ENG,Manchester City
ENG-MUN,ENG,Manchester United
ENG-ARS,ENG,Arsenal FC
ENG-CFC,ENG,Chelsea FC
ENG-TOT,ENG,Tottenham Hotspur
ENG-EVE,ENG,Everton FC
ENG-NEW,ENG,Newcastle United
ESP-RMA,ESP,Real Madrid
ESP-FCB,ESP,FC Barcelona
ESP-ATM,ESP,Atletico Madrid
ITA-INT,ITA,Inter Milan
ITA-MIL,ITA,AC Milan
ITA-JUV,ITA,Juventus
DEU-BAY,DEU,Bayern Munich
DEU-BVB,DEU,Borussia Dortmund
FRA-PSG,FRA,Paris Saint-Germain
FRA-OLY,FRA,Olympique Marseille
NLD-AJA,NLD,Ajax
NLD-PSV,NLD,PSV Eindhoven
PRT-BEN,PRT,Benfica
PRT-POR,PRT,FC Porto
ENG-BOU,ENG,AFC Bournemouth
ENG-WIM,ENG,AFC Wimbledon
ENG-ACC,ENG,Accrington Stanley
ENG-ALD,ENG,Aldershot Town
ENG-ALT,ENG,Altrincham
ENG-AST,ENG,Aston Villa
ENG-BAR,ENG,Barnet
ENG-BAA,ENG,Barnsley
ENG-BAB,ENG,Barrow
ENG-BIR,ENG,Birmingham City
ENG-BLA,ENG,Blackburn Rovers
ENG-BAC,ENG,Blackpool
ENG-BOL,ENG,Bolton Wanderers
ENG-BOR,ENG,Boreham Wood
ENG-BOS,ENG,Boston United
ENG-BRA,ENG,Bradford City
ENG-BRE,ENG,Brentford FC
ENG-BRI,ENG,Brighton & Hove Albion
ENG-BAD,ENG,Bristol City
ENG-BRR,ENG,Bristol Rovers
ENG-BRO,ENG,Bromley
ENG-BUR,ENG,Burnley
ENG-BUA,ENG,Burton Albion
ENG-CAM,ENG,Cambridge United
ENG-CAR,ENG,Cardiff City
ENG-CAA,ENG,Carlisle United
ENG-CHA,ENG,Charlton Athletic
ENG-CHE,ENG,Cheltenham Town
ENG-CAB,ENG,Chesterfield
ENG-COL,ENG,Colchester United
ENG-COV,ENG,Coventry City
ENG-CRA,ENG,Crawley Town
ENG-CRE,ENG,Crewe Alexandra
ENG-CRY,ENG,Crystal Palace
ENG-DER,ENG,Derby County
ENG-DON,ENG,Doncaster Rovers
ENG-EAS,ENG,Eastleigh
ENG-EXE,ENG,Exeter City
ENG-FLE,ENG,Fleetwood Town
ENG-FOR,ENG,Forest Green Rovers
ENG-FUL,ENG,Fulham FC
ENG-GAT,ENG,Gateshead
ENG-GIL,ENG,Gillingham
ENG-GRI,ENG,Grimsby Town
ENG-HAL,ENG,Halifax Town
ENG-HAR,ENG,Harrogate Town
ENG-HAA,ENG,Hartlepool United
ENG-HUD,ENG,Huddersfield Town
ENG-HUL,ENG,Hull City
ENG-IPS,ENG,Ipswich Town
ENG-LEE,ENG,Leeds United
ENG-LEI,ENG,Leicester City
ENG-LEY,ENG,Leyton Orient
ENG-LIN,ENG,Lincoln City
ENG-LUT,ENG,Luton Town
ENG-MAC,ENG,Macclesfield
ENG-MAI,ENG,Maidstone United
ENG-MAN,ENG,Mansfield Town
ENG-MID,ENG,Middlesbrough
ENG-MIL,ENG,Millwall
ENG-MKD,ENG,Milton Keynes Dons
ENG-MOR,ENG,Morecambe
ENG-NEC,ENG,Newport County
ENG-NOR,ENG,Northampton Town
ENG-NAA,ENG,Norwich City
ENG-NOT,ENG,Nottingham Forest
ENG-NOC,ENG,Notts County
ENG-OLD,ENG,Oldham Athletic
ENG-OXF,ENG,Oxford United
ENG-PET,ENG,Peterborough United
ENG-PLY,ENG,Plymouth Argyle
ENG-POR,ENG,Port Vale
ENG-PAA,ENG,Portsmouth
ENG-PRE,ENG,Preston North End
ENG-QUE,ENG,Queens Park Rangers
ENG-REA,ENG,Reading
ENG-ROC,ENG,Rochdale
ENG-ROT,ENG,Rotherham United
ENG-SAL,ENG,Salford City
ENG-SCU,ENG,Scunthorpe United
ENG-SHE,ENG,Sheffield United
ENG-SHW,ENG,Sheffield Wednesday
ENG-SHR,ENG,Shrewsbury Town
ENG-SOL,ENG,Solihull Moors
ENG-SOU,ENG,Southampton
ENG-SAA,ENG,Southend United
ENG-STE,ENG,Stevenage
ENG-STO,ENG,Stockport County
ENG-SAB,ENG,Stoke City
ENG-SUN,ENG,Sunderland
ENG-SUT,ENG,Sutton United
ENG-SWA,ENG,Swansea City
ENG-SWI,ENG,Swindon Town
ENG-TRA,ENG,Tranmere Rovers
ENG-WAL,ENG,Walsall
ENG-WAT,ENG,Watford
ENG-WES,ENG,West Bromwich Albion
ENG-WEH,ENG,West Ham United
ENG-WIG,ENG,Wigan Athletic
ENG-WAA,ENG,Wimbledon FC
ENG-WOK,ENG,Woking
ENG-WOL,ENG,Wolverhampton Wanderers
ENG-WRE,ENG,Wrexham
ENG-WYC,ENG,Wycombe Wanderers
ENG-YEO,ENG,Yeovil Town
ENG-YOR,ENG,York City
ENG-FYL,ENG,AFC Fylde
ENG-TEL,ENG,AFC Telford United
ENG-BAT,ENG,Bath City
ENG-BED,ENG,Bedford Town
ENG-BIS,ENG,Bishop's Stortford
ENG-BAE,ENG,Brackley Town
ENG-BUX,ENG,Buxton
ENG-CAC,ENG,Chester FC
ENG-CHI,ENG,Chippenham Town
ENG-CHO,ENG,Chorley
ENG-DAR,ENG,Darlington
ENG-DOR,ENG,Dorking Wanderers
ENG-DOV,ENG,Dover Athletic
ENG-ENF,ENG,Enfield Town
ENG-FAR,ENG,Farnborough
ENG-GLO,ENG,Gloucester City
ENG-HAM,ENG,Hampton & Richmond Borough
ENG-HEM,ENG,Hemel Hempstead Town
ENG-HER,ENG,Hereford FC
ENG-HOR,ENG,Hornchurch
ENG-HAB,ENG,Horsham
ENG-KIN,ENG,King's Lynn Town
ENG-KID,ENG,Kidderminster Harriers
ENG-MAA,ENG,Maidenhead United
ENG-OAA,ENG,Oxford City
ENG-SAC,ENG,Salisbury FC
ENG-SCA,ENG,Scarborough Athletic
ENG-SLO,ENG,Slough Town
ENG-SOS,ENG,South Shields
ENG-SAD,ENG,Southport
ENG-SPE,ENG,Spennymoor Town
ENG-STA,ENG,St Albans City
ENG-TON,ENG,Tonbridge Angels
ENG-TOR,ENG,Torquay United
ENG-TRU,ENG,Truro City
ENG-WSM,ENG,Weston-super-Mare
ENG-WEY,ENG,Weymouth
ENG-WOR,ENG,Worthing
SCO-CEL,SCO,Celtic FC
SCO-RAN,SCO,Rangers FC
SCO-HEA,SCO,Heart of Midlothian FC
SCO-HIB,SCO,Hibernian FC
SCO-ABE,SCO,Aberdeen FC
SCO-DUN,SCO,Dundee FC
SCO-DUU,SCO,Dundee United FC
SCO-MOT,SCO,Motherwell FC
SCO-KIL,SCO,Kilmarnock FC
SCO-STM,SCO,St Mirren FC
SCO-LIV,SCO,Livingston FC
SCO-FAL,SCO,Falkirk FC
ESP-ATH,ESP,Athletic Club
ESP-RSO,ESP,Real Sociedad
ESP-VIL,ESP,Villarreal CF
ESP-BET,ESP,Real Betis
ESP-SEV,ESP,Sevilla FC
ESP-VAL,ESP,Valencia CF
ESP-OSA,ESP,CA Osasuna
ESP-CEL,ESP,RC Celta de Vigo
ESP-GIR,ESP,Girona FC
ESP-GET,ESP,Getafe CF
ESP-ALA,ESP,Deportivo Alaves
ESP-ESP,ESP,RCD Espanyol
ESP-RAY,ESP,Rayo Vallecano
ESP-MAL,ESP,RCD Mallorca
ESP-LEV,ESP,Levante UD
ESP-ELC,ESP,Elche CF
ESP-OVI,ESP,Real Oviedo
ITA-NAP,ITA,SSC Napoli
ITA-ROM,ITA,AS Roma
ITA-LAZ,ITA,SS Lazio
ITA-ATA,ITA,Atalanta BC
ITA-FIO,ITA,ACF Fiorentina
ITA-BOL,ITA,Bologna FC
ITA-TOR,ITA,Torino FC
ITA-GEN,ITA,Genoa CFC
ITA-UDI,ITA,Udinese Calcio
ITA-COM,ITA,Como 1907
ITA-PAR,ITA,Parma Calcio
ITA-LEC,ITA,US Lecce
ITA-CAG,ITA,Cagliari Calcio
ITA-SAS,ITA,US Sassuolo
ITA-VER,ITA,Hellas Verona
ITA-PIS,ITA,Pisa SC
ITA-CRE,ITA,US Cremonese
DEU-LEV,DEU,Bayer 04 Leverkusen
DEU-RBL,DEU,RB Leipzig
DEU-SGE,DEU,Eintracht Frankfurt
DEU-VFB,DEU,VfB Stuttgart
DEU-SCF,DEU,SC Freiburg
DEU-WOB,DEU,VfL Wolfsburg
DEU-BMG,DEU,Borussia Monchengladbach
DEU-FCU,DEU,Union Berlin
DEU-MAI,DEU,Mainz 05
DEU-SVW,DEU,Werder Bremen
DEU-TSG,DEU,TSG Hoffenheim
DEU-FCA,DEU,FC Augsburg
DEU-HSV,DEU,Hamburger SV
DEU-KOE,DEU,FC Koln
DEU-STP,DEU,FC St Pauli
DEU-HDH,DEU,1 FC Heidenheim
FRA-LYO,FRA,Olympique Lyonnais
FRA-MON,FRA,AS Monaco
FRA-LIL,FRA,LOSC Lille
FRA-REN,FRA,Stade Rennais
FRA-NIC,FRA,OGC Nice
NLD-FEY,NLD,Feyenoord
NLD-AZA,NLD,AZ Alkmaar
NLD-TWE,NLD,FC Twente
NLD-UTR,NLD,FC Utrecht
PRT-SCP,PRT,Sporting CP
PRT-BRA,PRT,SC Braga
PRT-VSC,PRT,Vitoria SC
BEL-BRU,BEL,Club Brugge
BEL-AND,BEL,RSC Anderlecht
BEL-GEN,BEL,KRC Genk
BEL-GNT,BEL,KAA Gent
BEL-USG,BEL,Union Saint-Gilloise
TUR-GAL,TUR,Galatasaray
TUR-FEN,TUR,Fenerbahce
TUR-BES,TUR,Besiktas
TUR-TRA,TUR,Trabzonspor
CZE-SPA,CZE,Sparta Prague
CZE-SLA,CZE,Slavia Prague
CZE-PLZ,CZE,Viktoria Plzen
CZE-BAN,CZE,Banik Ostrava
GRC-OLY,GRC,Olympiacos
GRC-PAO,GRC,Panathinaikos
GRC-AEK,GRC,AEK Athens
GRC-PAK,GRC,PAOK Thessaloniki
NOR-BOD,NOR,Bodo Glimt
NOR-MOL,NOR,Molde FK
NOR-RBK,NOR,Rosenborg BK
NOR-VIK,NOR,Viking FK
POL-LEG,POL,Legia Warsaw
POL-LEC,POL,Lech Poznan
POL-JAG,POL,Jagiellonia Bialystok
POL-RAK,POL,Rakow Czestochowa
DNK-FCK,DNK,FC Copenhagen
DNK-FCM,DNK,FC Midtjylland
DNK-BIF,DNK,Brondby IF
DNK-AGF,DNK,AGF Aarhus
CHE-BSC,CHE,BSC Young Boys
CHE-BAS,CHE,FC Basel
CHE-LUG,CHE,FC Lugano
CHE-SER,CHE,Servette FC
AUT-RBS,AUT,Red Bull Salzburg
AUT-STU,AUT,Sturm Graz
AUT-RAP,AUT,Rapid Vienna
AUT-FAK,AUT,Austria Vienna
SWE-MFF,SWE,Malmo FF
SWE-DIF,SWE,Djurgardens IF
SWE-HAC,SWE,BK Hacken
SWE-AIK,SWE,AIK Stockholm
HRV-DIN,HRV,Dinamo Zagreb
HRV-HAJ,HRV,Hajduk Split
HRV-RIJ,HRV,HNK Rijeka
HRV-OSI,HRV,NK Osijek
SRB-CZV,SRB,Red Star Belgrade
SRB-PAR,SRB,Partizan Belgrade
SRB-TSC,SRB,TSC Backa Topola
SRB-VOJ,SRB,Vojvodina
UKR-SHK,UKR,Shakhtar Donetsk
UKR-DYN,UKR,Dynamo Kyiv
UKR-POL,UKR,Polissya Zhytomyr
UKR-ZOR,UKR,Zorya Luhansk
CYP-APO,CYP,APOEL Nicosia
CYP-OMO,CYP,Omonia Nicosia
CYP-PAF,CYP,Pafos FC
CYP-ARI,CYP,Aris Limassol
ISR-MTA,ISR,Maccabi Tel Aviv
ISR-MHA,ISR,Maccabi Haifa
ISR-HBS,ISR,Hapoel Be'er Sheva
ISR-BJL,ISR,Beitar Jerusalem
HUN-FTC,HUN,Ferencvaros
HUN-PAK,HUN,Paksi FC
HUN-PUS,HUN,Puskas Akademia
HUN-UJP,HUN,Ujpest FC
ROU-FCS,ROU,FCSB
ROU-CFR,ROU,CFR Cluj
ROU-UCV,ROU,Universitatea Craiova
ROU-RAP,ROU,Rapid Bucuresti
SVK-SLO,SVK,Slovan Bratislava
SVK-TRN,SVK,Spartak Trnava
SVK-DAC,SVK,DAC Dunajska Streda
SVK-ZIL,SVK,MSK Zilina
SVN-OLI,SVN,Olimpija Ljubljana
SVN-MAR,SVN,NK Maribor
SVN-CEL,SVN,NK Celje
SVN-KOP,SVN,FC Koper
BGR-LUD,BGR,Ludogorets Razgrad
BGR-CSK,BGR,CSKA Sofia
BGR-LEV,BGR,Levski Sofia
BGR-BOT,BGR,Botev Plovdiv
AZE-QAR,AZE,Qarabag FK
AZE-NEF,AZE,Neftchi Baku
AZE-SAB,AZE,Sabah FC
AZE-ZIR,AZE,Zira FK
IRL-SHR,IRL,Shamrock Rovers
IRL-SHE,IRL,Shelbourne FC
IRL-BOH,IRL,Bohemians Dublin
IRL-DUN,IRL,Dundalk FC
FIN-HJK,FIN,HJK Helsinki
FIN-KUP,FIN,KuPS Kuopio
FIN-ILV,FIN,Ilves Tampere
FIN-INT,FIN,FC Inter Turku
ISL-VIK,ISL,Vikingur Reykjavik
ISL-BRE,ISL,Breidablik
ISL-VAL,ISL,Valur Reykjavik
ISL-KRA,ISL,KR Reykjavik
BIH-ZRI,BIH,Zrinjski Mostar
BIH-BOR,BIH,Borac Banja Luka
BIH-SAR,BIH,FK Sarajevo
BIH-ZEL,BIH,Zeljeznicar Sarajevo
KAZ-KAI,KAZ,Kairat Almaty
KAZ-AST,KAZ,FC Astana
KAZ-ORD,KAZ,Ordabasy
KAZ-TOB,KAZ,Tobol Kostanay
MDA-SHF,MDA,Sheriff Tiraspol
MDA-PET,MDA,Petrocub Hincesti
MDA-MIL,MDA,Milsami Orhei
MDA-ZIM,MDA,Zimbru Chisinau
KOS-BAL,KOS,Ballkani
KOS-DRI,KOS,Drita
KOS-PRI,KOS,FC Prishtina
KOS-LAP,KOS,Llapi
ARM-PYU,ARM,Pyunik Yerevan
ARM-NOA,ARM,FC Noah
ARM-ARA,ARM,Ararat Armenia
ARM-URA,ARM,Urartu FC
GEO-DIN,GEO,Dinamo Tbilisi
GEO-DTB,GEO,Dinamo Batumi
GEO-IBE,GEO,Iberia 1999
GEO-TOR,GEO,Torpedo Kutaisi
LVA-RFS,LVA,RFS Riga
LVA-RIG,LVA,Riga FC
LVA-AUD,LVA,FK Auda
LVA-LIE,LVA,FK Liepaja
LTU-ZAL,LTU,Zalgiris Vilnius
LTU-KAZ,LTU,Kauno Zalgiris
LTU-PAN,LTU,FK Panevezys
LTU-SUD,LTU,Suduva Marijampole
EST-FLO,EST,Flora Tallinn
EST-LEV,EST,Levadia Tallinn
EST-KAL,EST,Nomme Kalju
EST-PAI,EST,Paide Linnameeskond
ALB-EGN,ALB,Egnatia Rrogozhine
ALB-PAR,ALB,Partizani Tirana
ALB-TIR,ALB,KF Tirana
ALB-VLL,ALB,Vllaznia Shkoder
MNE-BUD,MNE,Buducnost Podgorica
MNE-SUT,MNE,Sutjeska Niksic
MNE-DEC,MNE,Decic Tuzi
MNE-MOR,MNE,Mornar Bar
MKD-SHK,MKD,Shkendija Tetovo
MKD-STR,MKD,Struga Trim Lum
MKD-VAR,MKD,Vardar Skopje
MKD-SIL,MKD,Sileks Kratovo
BLR-DIN,BLR,Dinamo Minsk
BLR-NEM,BLR,Neman Grodno
BLR-BAT,BLR,BATE Borisov
BLR-TOR,BLR,Torpedo BelAZ
MLT-HAM,MLT,Hamrun Spartans
MLT-FLO,MLT,Floriana FC
MLT-HIB,MLT,Hibernians FC
MLT-BIR,MLT,Birkirkara FC
NIR-LIN,NIR,Linfield FC
NIR-LAR,NIR,Larne FC
NIR-CLI,NIR,Cliftonville FC
NIR-GLN,NIR,Glentoran FC
WAL-TNS,WAL,The New Saints
WAL-PEN,WAL,Penybont FC
WAL-BAL,WAL,Bala Town
WAL-CAE,WAL,Caernarfon Town
LUX-DIF,LUX,Differdange 03
LUX-FAA,LUX,F91 Dudelange
LUX-SWI,LUX,Swift Hesperange
LUX-PRO,LUX,Progres Niederkorn
FRO-KLA,FRO,KI Klaksvik
FRO-HBT,FRO,HB Torshavn
FRO-BAA,FRO,B36 Torshavn
FRO-NSI,FRO,NSI Runavik
GIB-LRI,GIB,Lincoln Red Imps
GIB-EFC,GIB,Europa FC
GIB-SJO,GIB,St Josephs FC
GIB-FCB,GIB,FCB Magpies
AND-INT,AND,Inter Club Escaldes
AND-SCO,AND,FC Santa Coloma
AND-USC,AND,UE Santa Coloma
AND-ATL,AND,Atletic Escaldes
SMR-TRE,SMR,Tre Fiori
SMR-LFI,SMR,La Fiorita
SMR-VIR,SMR,SS Virtus
SMR-TPE,SMR,Tre Penne
LIE-VAD,LIE,FC Vaduz
LIE-BAL,LIE,FC Balzers
LIE-ESC,LIE,USV Eschen Mauren
LIE-RUG,LIE,FC Ruggell
RUS-ZEN,RUS,Zenit Saint Petersburg
RUS-SPA,RUS,Spartak Moscow
RUS-CSK,RUS,CSKA Moscow
RUS-KRA,RUS,FC Krasnodar
BEL-ANT,BEL,Royal Antwerp FC
BEL-STA,BEL,Standard Liege
BEL-CHA,BEL,Sporting Charleroi
BEL-MEC,BEL,KV Mechelen
BEL-CER,BEL,Cercle Brugge
BEL-WES,BEL,KVC Westerlo
BEL-LEU,BEL,OH Leuven
BEL-STT,BEL,Sint-Truiden
TUR-BAS,TUR,Istanbul Basaksehir
TUR-SAM,TUR,Samsunspor
TUR-GOZ,TUR,Goztepe
TUR-KAS,TUR,Kasimpasa
TUR-ALA,TUR,Alanyaspor
TUR-RIZ,TUR,Caykur Rizespor
TUR-KON,TUR,Konyaspor
TUR-ANT,TUR,Antalyaspor
CZE-SLO,CZE,Slovacko
CZE-LIB,CZE,Slovan Liberec
CZE-JAB,CZE,FK Jablonec
CZE-MLB,CZE,Mlada Boleslav
CZE-SIG,CZE,Sigma Olomouc
CZE-TEP,CZE,FK Teplice
GRC-ARI,GRC,Aris Thessaloniki
GRC-AST,GRC,Asteras Tripolis
GRC-ATR,GRC,Atromitos
GRC-OFI,GRC,OFI Crete
GRC-PAN,GRC,Panetolikos
GRC-VOL,GRC,Volos NFC
NOR-BRA,NOR,SK Brann
NOR-TRO,NOR,Tromso IL
NOR-SAR,NOR,Sarpsborg 08
NOR-FRE,NOR,Fredrikstad FK
NOR-HAM,NOR,HamKam
NOR-STR,NOR,Stromsgodset
POL-POG,POL,Pogon Szczecin
POL-GKS,POL,GKS Katowice
POL-GOR,POL,Gornik Zabrze
POL-WID,POL,Widzew Lodz
POL-CRA,POL,Cracovia
POL-MOT,POL,Motor Lublin
DNK-NOR,DNK,FC Nordsjaelland
DNK-RAN,DNK,Randers FC
DNK-VIB,DNK,Viborg FF
DNK-SIL,DNK,Silkeborg IF
DNK-OBK,DNK,Odense BK
DNK-VEJ,DNK,Vejle BK
CHE-ZUR,CHE,FC Zurich
CHE-LAU,CHE,Lausanne Sport
CHE-LUC,CHE,FC Luzern
CHE-STG,CHE,FC St Gallen
CHE-WIN,CHE,FC Winterthur
CHE-GRA,CHE,Grasshopper Club Zurich
AUT-LAS,AUT,LASK Linz
AUT-WAC,AUT,Wolfsberger AC
AUT-HAR,AUT,TSV Hartberg
AUT-ALT,AUT,SCR Altach
AUT-WSG,AUT,WSG Tirol
AUT-BWL,AUT,Blau Weiss Linz
SWE-HAM,SWE,Hammarby IF
SWE-ELF,SWE,IF Elfsborg
SWE-GAI,SWE,GAIS
SWE-GOT,SWE,IFK Goteborg
SWE-NOR,SWE,IFK Norrkoping
SWE-SIR,SWE,IK Sirius
HRV-LOK,HRV,NK Lokomotiva Zagreb
HRV-SLA,HRV,Slaven Belupo
HRV-VAR,HRV,NK Varazdin
HRV-IST,HRV,Istra 1961
HRV-GOR,HRV,HNK Gorica
HRV-VUK,HRV,HNK Vukovar 1991
SRB-CUK,SRB,Cukaricki
SRB-RAD,SRB,Radnicki Nis
SRB-NOV,SRB,Novi Pazar
SRB-NAP,SRB,Napredak Krusevac
SRB-OFK,SRB,OFK Beograd
SRB-MLU,SRB,Mladost Lucani
UKR-KRY,UKR,Kryvbas Kryvyi Rih
UKR-OLE,UKR,Oleksandriya
UKR-RUK,UKR,Rukh Lviv
UKR-KAR,UKR,Karpaty Lviv
UKR-OBO,UKR,Obolon Kyiv
UKR-VER,UKR,Veres Rivne
CYP-AEK,CYP,AEK Larnaca
CYP-ANO,CYP,Anorthosis Famagusta
CYP-AEL,CYP,AEL Limassol
ISR-HHA,ISR,Hapoel Haifa
ISR-HPT,ISR,Hapoel Petah Tikva
ISR-MNP,ISR,Maccabi Netanya
ISR-MSA,ISR,Maccabi Bnei Reineh
HUN-FEH,HUN,Fehervar FC
HUN-DEB,HUN,Debreceni VSC
HUN-DIO,HUN,Diosgyori VTK
HUN-MTK,HUN,MTK Budapest
ROU-DIN,ROU,Dinamo Bucuresti
ROU-CLU,ROU,Universitatea Cluj
ROU-UTA,ROU,UTA Arad
ROU-FAR,ROU,Farul Constanta
SVK-POD,SVK,Zeleziarne Podbrezova
SVK-RUZ,SVK,MFK Ruzomberok
SVK-TRE,SVK,AS Trencin
SVK-KOS,SVK,FC Kosice
SVN-MUR,SVN,NS Mura
SVN-BRA,SVN,NK Bravo
SVN-DOM,SVN,NK Domzale
SVN-RAD,SVN,NK Radomlje
BGR-CSS,BGR,CSKA 1948 Sofia
BGR-LOK,BGR,Lokomotiv Plovdiv
BGR-CHM,BGR,Cherno More Varna
BGR-BER,BGR,Beroe Stara Zagora
AZE-SUM,AZE,Sumqayit FK
AZE-KAP,AZE,Kapaz PFK
AZE-TUR,AZE,Turan Tovuz
AZE-SHA,AZE,Shamakhi FK
IRL-STP,IRL,St Patricks Athletic
IRL-DER,IRL,Derry City
IRL-SLR,IRL,Sligo Rovers
IRL-WAT,IRL,Waterford FC
FIN-SJK,FIN,Seinajoen JK
FIN-VPS,FIN,Vaasan Palloseura
FIN-HIF,FIN,HIFK Helsinki
FIN-MAR,FIN,IFK Mariehamn
ISL-FHA,ISL,FH Hafnarfjordur
ISL-STJ,ISL,Stjarnan
ISL-FRA,ISL,Fram Reykjavik
ISL-AKR,ISL,IA Akranes
BIH-VEL,BIH,Velez Mostar
BIH-SIK,BIH,Siroki Brijeg
BIH-POS,BIH,Posusje
BIH-SLO,BIH,Sloboda Tuzla
KAZ-AKT,KAZ,Aktobe
KAZ-KYZ,KAZ,Kyzylzhar
KAZ-ZHE,KAZ,Zhetysu
KAZ-ATY,KAZ,Atyrau
MDA-BAL,MDA,FC Balti
MDA-FLO,MDA,Floresti
MDA-SPA,MDA,Spartanii Sportul
MDA-DAC,MDA,Dacia Buiucani
KOS-GJI,KOS,Gjilani
KOS-MAL,KOS,Malisheva
KOS-FER,KOS,Ferizaj
KOS-DUK,KOS,Dukagjini
ARM-ALA,ARM,Alashkert
ARM-SHI,ARM,Shirak Gyumri
ARM-VAN,ARM,FC Van
GEO-SAM,GEO,Samgurali Tskaltubo
GEO-GAG,GEO,Gagra
GEO-TEL,GEO,Telavi
GEO-DIL,GEO,Dila Gori
LVA-VAL,LVA,Valmiera FC
LVA-MET,LVA,FS Metta
LVA-TUK,LVA,FK Tukums 2000
LVA-DAU,LVA,BFC Daugavpils
LTU-HEG,LTU,Hegelmann
LTU-BAN,LTU,Banga Gargzdai
LTU-DZI,LTU,Dziugas Telsiai
LTU-SIA,LTU,FA Siauliai
EST-TAM,EST,Tammeka Tartu
EST-NAR,EST,Narva Trans
EST-KUR,EST,Kuressaare
EST-VAP,EST,Parnu Vaprus
ALB-TEU,ALB,Teuta Durres
ALB-SKN,ALB,Skenderbeu
ALB-BYL,ALB,Bylis Ballsh
ALB-DIN,ALB,Dinamo City
MNE-PET,MNE,Petrovac
MNE-JED,MNE,Jedinstvo Bijelo Polje
MNE-JEZ,MNE,Jezero Plav
MNE-ARS,MNE,Arsenal Tivat
MKD-RAB,MKD,Rabotnicki
MKD-TIK,MKD,Tikves Kavadarci
MKD-PEL,MKD,Pelister Bitola
MKD-BRG,MKD,Brera Strumica
BLR-SLA,BLR,Slavia Mozyr
BLR-ISL,BLR,Isloch Minsk Raion
BLR-MIN,BLR,FC Minsk
BLR-GOM,BLR,FC Gomel
MLT-SLI,MLT,Sliema Wanderers
MLT-GZI,MLT,Gzira United
MLT-MOS,MLT,Mosta FC
NIR-CRU,NIR,Crusaders FC
NIR-COL,NIR,Coleraine FC
NIR-GLE,NIR,Glenavon FC
NIR-BAL,NIR,Ballymena United
WAL-CON,WAL,Connahs Quay Nomads
WAL-HAV,WAL,Haverfordwest County
WAL-CAR,WAL,Cardiff Metropolitan University
WAL-NEW,WAL,Newtown AFC
LUX-RAC,LUX,Racing FC Union Luxembourg
LUX-UNA,LUX,UNA Strassen
LUX-JEU,LUX,Jeunesse Esch
LUX-MON,LUX,US Mondorf
FRO-VIK,FRO,Vikingur Gota
FRO-EBB,FRO,EB Streymur
FRO-TOF,FRO,B68 Toftir
FRO-SKA,FRO,Skala IF
GIB-MAN,GIB,Manchester 62 FC
GIB-MON,GIB,Mons Calpe SC
GIB-BRU,GIB,Bruno's Magpies
GIB-GLA,GIB,Glacis United
AND-ORD,AND,FC Ordino
AND-PEN,AND,Penya Encarnada
AND-RAN,AND,FC Rangers Andorra
AND-CAR,AND,CE Carroi
SMR-FOL,SMR,Folgore Falciano
SMR-LIB,SMR,Libertas
SMR-MUR,SMR,Murata
SMR-COS,SMR,Cosmos
LIE-SCH,LIE,FC Schaan
LIE-TRI,LIE,FC Triesen
LIE-TRB,LIE,FC Triesenberg
RUS-LOK,RUS,Lokomotiv Moscow
RUS-DYN,RUS,Dynamo Moscow
RUS-ROS,RUS,Rostov
RUS-RUB,RUS,Rubin Kazan
FRA-ANG,FRA,Angers SCO
FRA-AUX,FRA,AJ Auxerre
FRA-BRE,FRA,Stade Brestois 29
FRA-HAC,FRA,Le Havre AC
FRA-LEM,FRA,Le Mans FC
FRA-LEN,FRA,RC Lens
FRA-LOR,FRA,FC Lorient
FRA-PFC,FRA,Paris FC
FRA-STR,FRA,RC Strasbourg Alsace
FRA-TOU,FRA,Toulouse FC
FRA-TRO,FRA,ESTAC Troyes
NLD-ADO,NLD,ADO Den Haag
NLD-EXC,NLD,Excelsior Rotterdam
NLD-GRO,NLD,FC Groningen
NLD-FOR,NLD,Fortuna Sittard
NLD-GAE,NLD,Go Ahead Eagles
NLD-NEC,NLD,NEC Nijmegen
NLD-PEC,NLD,PEC Zwolle
NLD-CAM,NLD,SC Cambuur
NLD-HEE,NLD,SC Heerenveen
NLD-SPA,NLD,Sparta Rotterdam
NLD-TEL,NLD,Telstar
NLD-WIL,NLD,Willem II
